Unnamed: 0,create_age(months),expiry_age(months),update_age(days),URL,Label
1294,200,40,114,http://www.classteacher.com/...,0
4205,210,6,181,http://www.deadendrecords.com/...,0
3902,98,22,81,http://www.specialisttrading.com/charts/4rfv/Log-in-to-your-PayPal-acc...,1
970,-1,-1,-1,http://www.mingshun.com.tw/...,1
3762,181,11,426,http://www.jers.com/...,1
5123,-1,-1,-1,http://signin.ebay.de.ws.ebayisapi.dll.signin.usingssl.epc9b1bterrwrfb...,0
5828,-1,3,-1,http://los4acuerdos.com.mx/SEMS/new.admin.account/fcb3ac36d42bb3f02ca8...,0
2833,130,2,299,http://www.kf25zx.com/images/?us.battle.net/login/en/?ref=http:...,1
6922,-1,-1,-1,http://cgm.cs.mcgill.ca/~godfried/teaching/pr-web.html...,1
5530,3,9,79,http://www.monfactufree.com/freemobilemoncompte589/73677fc90f6b57e994b...,1
4709,-1,-1,-1,http://www.roseiradevistaalegre.com.br/sin/Outloook/login%20(2).html...,0
5169,245,55,251,http://www.sen-dure.com/...,1
6905,-1,-1,-1,http://projects.exeter.ac.uk/RDavies/arian/scandals/...,1
994,41,7,151,http://vega-books.com/language/fr-FR/.as/Alibaba.com.php?userid=abuse@...,0
4241,262,50,359,http://www.journals.cup.org/action/displayJournal?jid=QRB...,1
2841,-1,-1,-1,http://www.airtel.in/digital-tv/home/...,1
2759,178,2,2217,http://www.robotslife.com/...,0
6644,147,9,1463,http://www.naamras.com/Dropbox/dropboxLanre/dropbox/proposal/...,1
2799,226,14,8,http://hiroba.dqx.jp.izcel.usa.cc/account/app/svc/login.html...,1
203,-1,-1,-1,http://www.commence.nu/tmp/b7/...,1
4643,233,7,3083,http://www.cheap-cds.com/...,1
608,169,23,51,http://www.robertnz.net/nm_intro.htm...,0
3820,95,1,332,http://www.soccerpie.com/man-utd-latest-news.html...,1
3755,178,2,307,http://twoloonscoffee.com/...,1
195,216,12,145,http://www.grandcanyonbiblio.org/...,1
1334,186,18,186,http://www.gbradhopkins.com/...,0
1587,-1,-1,-1,http://silveirapiresadvogados.com.br/test/confirm.php...,0
2648,192,12,5836,http://www.employdiversity.com/...,1
774,242,10,685,http://www.rasputinmusic.com/...,0
372,-1,-1,-1,http://arcavana.com/dew/Logon.html...,1
652,3,9,26,http://uwasaleh.org/View%20/gtex...,0
3107,52,8,143,http://maintenance-server.twomini.com/ID/recovery.inc.htm...,0
6444,165,27,936,http://www.russinoff.com/papers/gauss.html...,1
2014,-1,-1,-1,http://secom.tn/wp-admin/includes/remax/remax...,0
4353,37,11,972,http://handasapc.com/htd3.html...,1
5170,26,10,71,http://gazianteppenye.com/lv/casts1/...,0
5222,70,2,684,http://www.whippers.co.uk/...,1
6013,168,12,6,http://www.databasejournal.com/...,0
508,217,11,259,http://www.weddles.com/...,1
6380,109,11,33,http://www.heathervictoriaheld.com/wp-includes/SimplePie/Data/2153c968...,1
2685,226,14,8,http://secure.square.logindqxu.usa.cc/...,1
5138,-1,-1,-1,http://linkage.rockefeller.edu/...,0
1207,4,8,68,http://exposednaija.info/fb/mobile.html...,1
476,246,78,111,http://www.bevmo.com/...,0
1521,181,11,38,http://www.indiaeducationstat.com/...,1
4861,-1,-1,-1,http://www.airfixcommercial.com.au/wp-admin/maint/Permissions/b/iyk/au...,0
3220,210,30,51,http://www.fonts4teachers.com/...,1
3809,228,60,1669,http://www.perfumemart.com/...,1
4509,-1,-1,-1,http://4000simin.or.kr/plus/html/bookmark/ii.php?fid=4&amp;amp...,0
917,13,-1,21,http://cosureb.com/wp-content/g8634d010eacf55520/index2.php?login&amp;...,0
243,-1,-1,-1,http://rafagroup.es/9713tdij464dda...,1
5281,35,1,347,http://recover-webs-pages.fulba.com/email.htm...,1
2246,191,13,358,http://www.tysknews.com/Depts/gov_philosophy/phil_of_government.htm...,0
117,236,16,663,http://www.russellstover.com/...,1
3468,-1,-1,-1,http://aleph0.clarku.edu/~djoyce/mathhist/...,0
2397,228,60,1213,http://www.powergridindia.com/...,1
5773,26,10,454,http://www.indianfriedchicken.net/managment/pagedoc/1351e860932172314c...,1
2552,218,58,92,http://www.hannakrausecandy.com/...,1
2626,160,8,117,http://www.totalitea.com/...,1
6378,-1,-1,-1,http://www.futurebookkeeping.com.au/db/Barcs/b2.htm...,0
2521,54,6,208,http://www.bakewelltarts.co.uk/...,0
984,61,11,41,http://www.brokeragelv.com/wp-content/uploads/2012/03/Zone1/...,1
1054,217,35,978,http://www.quia.com/jg/65626.html...,1
6452,-1,-1,-1,http://www.naas.ae/acct/googledrive...,1
3463,78,6,192,http://www.warlicksbc.org/wp/wp-includes/aolupdate.htm...,0
5982,-1,-1,-1,http://www.sdk.co.jp/...,0
727,154,38,691,http://people.revoledu.com/kardi/tutorial/kMean/index.html...,0
4396,69,15,508,http://www.shelburnefallscoffee.com/...,1
214,130,2,372,http://www.keltickat.net/...,0
4021,147,33,80,http://kiltonmotor.com/others/m.i.php?rand=13inboxlightaspxn.177425641...,0
1975,226,14,8,http://secure.square.login-xsey.usa.cc/...,0
4830,240,12,11,http://www.hindustantimes.com/...,1
4499,-1,9,-1,http://cges.ac.in/logo/Google/Google/dld/us/...,1
2781,225,3,247,http://www.sport-it.com/...,0
5168,204,12,25,http://agnix.sourceforge.net/...,0
3477,2,9,66,http://www.stp-anp.net/SHAREDITEM/000000022222222222222222222222222222...,1
5012,-1,-1,-1,http://warnings-system.at.ua/confirm-pages.html...,0
2096,-1,4,-1,http://fcamin.nic.in/...,0
812,234,6,187,http://www.anandabazar.com/...,1
5424,-1,-1,-1,http://www.shikoku.co.jp/eng/...,1
1655,226,14,8,http://secure.square.logindqx.usa.cc/...,1
3388,-1,-1,-1,http://mail.sanabes.org.sa/~masseri/invoice/Ed/Ed/index.php...,1
1869,-1,-1,-1,http://www.bnt-chemicals.de/...,0
4991,167,1,345,http://www.allindianewspapers.com/government.html...,1
3749,90,6,-1,http://www.kpvrb.ru/components/com_auto/views/ells/indexxx.htm...,0
891,16,20,356,http://ejvoice.com/863d7wwwww/casts/...,1
5297,-1,-1,-1,http://www.cnhedge.cn/js/index.htm?http://us.battle.net/login/en/?ref=...,0
6398,148,8,156,http://www.ilc.pl/ep/documents/document/0/9ad0d29931e8511fe5ed46e88080...,1
133,180,0,370,http://www.seagullcooling.com/...,1
1121,262,1,269,http://aktualizace.tripod.com/...,1
3226,-1,-1,-1,http://orchidbooks.com.np/.Confirm/Paypal...,1
2838,55,5,230,http://hofstetterfam.com/Scripts/an/dhl/webshipping_dhl_woko_members_m...,1
5549,104,16,37,http://canada-hoky.890m.com/log.php...,0
5616,142,2,465,http://www.acquiredtastetea.com/...,1
4220,3,9,69,http://kathyhomeyou.com/WellsFargo...,0
5790,-1,-1,-1,http://www.math.wpi.edu/IQP/BVCalcHist/calctoc.html...,0
1422,129,3,332,http://www.rkfma.com/...,0
5751,-1,-1,-1,http://christianphil.com/madrid/france/paris/adam/patrik/...,0
1391,-1,-1,-1,http://www.math.ucla.edu/~tao/254a.1.03w/...,1
4107,256,56,849,http://ross-and-adrians-stadium-guide.webs.com/football.htm...,1
4431,25,11,22,http://autoservicioslubrirepuestos.com/wp-includes/widgets/Alibaba.htm...,0
1864,36,12,11,http://www.elmonkey.com/setl.php...,1
2792,72,12,30,http://alfaromedia.com/wp-content/themes/rfxzetta/zxc/ad2/yahoo/i.php?...,1
3300,-1,5,-1,http://pmindia.gov.in/en/...,0
4915,94,50,291,http://www.floralandweddingsupplies.com/...,0
4632,-1,-1,-1,http://www.osti.gov/estsc/...,0
5135,117,3,253,http://adviseproltd.com/Include/gdoc/a4d8dc05d67daa5ab800cf95b711d0cb/...,1
4690,226,14,8,http://hiroba.dqx.jp.iuxel.usa.cc/...,1
1454,-1,-1,-1,http://webmailupgradecentre.sitey.me...,0
5343,-1,-1,-1,http://hiltonestates.org/...,0
4619,177,3,1045,http://www.academyofdiplomacy.org/...,1
2926,45,3,247,http://antoluxlda.com/Bolu/Weed/image.htm...,1
123,-1,-1,-1,http://www.ibm.com/software/awdtools/hlasm/...,0
6350,3,9,87,http://www.bofaealert.net/bofa/x/8a592f0467a894691798a9f35885ca8a/site...,1
4692,24,24,12,http://kusifood.com/cgi-bin/Config.php...,1
4604,-1,-1,-1,http://188.165.191.2/layouts/update/site/https:/www2.Santander.com.br/...,0
4355,176,4,223,http://www.mbadreams.com/...,1
6115,164,4,252,http://free-compilers.sharnoff.org/...,1
4427,123,9,479,http://www.thecatlounge.com/...,0
2248,191,25,955,http://www.kidsolr.com/math/math.html...,1
1786,55,5,214,http://www.edinburghbibliographicalsociety.org.uk/...,0
3098,104,16,37,http://puasa22.890m.com/privation1.php...,1
6981,17,7,59,http://gaspra-life.com/administrator/manifests/libraries/secure.itunes...,1
5113,211,5,29,http://www.job-hunt.org/...,0
2711,-1,-1,-1,http://www-ccs.cs.umass.edu/db/organizations.html...,0
1084,217,11,375,http://www.jobsdb.com/...,1
2354,156,1,1,http://www.oldradiodoc.com/...,1
3403,3,9,57,http://www.salintoshourt.com/wp-well/...,0
6353,-1,-1,-1,http://www.google.org/...,1
4780,169,11,21,http://www.bodyscentsations.com/...,0
3446,-1,-1,-1,http://ventlogos.com.br/document/98f5ec52af75f2a808fc510d3bc451a6/...,0
149,-1,-1,-1,http://qualyprintbh.com.br/formulario/...,0
2323,36,12,8,http://www.leighgphotography.com/SERVICE/edani82ldbuizbt4gbugw2i3ls22p...,1
2811,-1,-1,-1,http://www.nichuizen.co.za/errors/sess/6d9a839834ab156eac5c247efbc5af2...,0
6575,-1,-1,-1,http://www.aeraria.cl/DoroWebo/ourtime.html...,1
5326,149,19,753,http://m24.telemedellin.tv/aa...,1
3064,156,0,138,http://eccb.net/...,0
1955,7,5,74,http://www.rahimfabricators.com//fonts/AOL_Mail.htm...,0
3096,260,4,242,http://www.pontiac.com/...,1
467,-1,12,-1,http://www.usief.org.in/...,0
183,187,77,245,http://en.wikipedia.org/wiki/ICC_Cricket_Code_of_Conduct...,0
1417,28,8,143,http://www.razeconsulting.com/sites/kenaa/Confirmation/security/webscr...,1
3642,115,77,68,http://sctry21.5gbfree.com/supportcenter/...,0
1315,-1,-1,-1,http://ssl.verification.account.update.security.token.812554542376.ios...,1
5649,-1,-1,-1,http://www.cs.unm.edu/~mccune/papers/robbins/...,1
6227,-1,4,-1,http://results.nic.in/...,1
5162,-1,-1,-1,http://wsce01-bagaliciahome-com-ar.iiioargs.com/arg/on/.scripts/homeba...,1
6215,-1,-1,-1,http://www.futurebusinessexpo.com.au/blogger/Secured/...,0
2061,17,7,166,http://slavkomrdalj.com/images/page...,1
2135,192,11,46,http://www.farmsolution.blogspot.com/...,0
5578,-1,-1,-1,http://www.americanelectric.com.br/LESS/docsexe/filewords/...,1
1316,-1,-1,-1,http://normenpropiedades.cl/cotizacion/wp-admin/trep1/db/box...,1
3660,-1,-1,-1,http://trueaussielocal.com.au/secur.loginsupin/b9785326c31d4d9abead8e9...,1
2560,-1,-1,-1,http://www.bluestonesmb.co.za/js/theme2/theme...,0
3069,191,49,327,http://www.coffeemaria.com/...,0
280,142,2,306,http://www.vucadd.com/...,1
5275,213,39,628,http://www.anettes.com/...,0
3188,209,60,13,http://www.careerlaunchresumes.com/...,0
6882,-1,-1,-1,http://kus.sollers-distribution.pl/doc20161/index.php...,1
5590,206,10,56,http://artilect.org/...,0
4190,193,11,467,http://www.aaasoftware-ezine.com/...,1
1367,127,41,1865,http://www.shobiziems.com/doctopdf/sess/...,0
306,-1,-1,-1,http://myliverpoolfc.org/...,0
6611,163,17,61,http://www.freshcleanday.com/...,1
5298,229,11,31,http://1501broadway.com/...,0
113,7,5,198,http://www.emalbosaat.com/system/logs/aol/...,0
6826,85,11,21,http://www.cicla.org/ltunesconnect/apple.id/update/customer/service/lo...,1
6455,133,11,403,http://citymancs.com/...,0
2195,36,12,10,http://chanderarora.com/hahalas/draft/index.htm...,1
1403,202,26,326,http://www.grandstandsports.com/...,1
5537,2,-1,75,http://agricole-service.fr/particuliers/security/g2e36g_information/up...,0
3133,-1,-1,-1,http://evangelistaadvogados.com.br/newdrop/deiswe/dpbx...,1
1295,5,19,165,http://compasschildrenscharity.org.uk/wp-admin/images/login.alibaba.co...,1
9,160,8,891,http://www.dlcomp.com/images/Fine/DpBoxtbtrich/dropbox/index.php...,0
5146,184,20,143,http://www.vectorkids.com/...,1
6902,278,82,443,http://www.reuters.com/...,0
5729,250,14,479,http://www.net-temps.com/...,1
374,-1,-1,-1,http://semicond.ysu.am/kd/...,1
2737,-1,-1,-1,http://examallindia.com/usaafixedkossowafriend/...,0
2262,124,8,108,http://muftela.com/alibaba/index.php?email=abuse@aliyun.co&amp;.rand=1...,1
1219,-1,-1,-1,http://math.sun.ac.za/~prodinger/...,1
121,-1,-1,-1,http://diarplast.com.ar/assets/frontend/onepage/img/nD/index.php...,0
1609,226,14,8,http://secure.square.login-zxey.usa.cc/account/app/svc/login.html...,1
4000,228,0,364,http://www.press-enterprise.com/nie/...,1
5089,241,35,2242,http://www.dough-to-go.com/...,0
3603,168,0,182,http://paradiseroasters.com/...,0
4923,37,59,36,http://hotelabhashree.com/img/icon.png/8b79d7cbfe815fdaa67122cd3e5c3d3...,1
3589,78,6,776,http://www.hydroservis.pl/administrator/gdoc/4f42bdd5b786bbfdaed19b409...,0
1136,224,4,171,http://www.djnewswires.com/...,0
3713,94,2,-1,http://navigat-service.ru/CIBCOnline%20olbtxn%20Authentication%20SignO...,0
2572,54,54,206,http://www.woodpilebbq.com/...,1
6209,257,7,190,http://www.topix.com/business...,1
1661,177,51,483,http://www.rudralife.com/...,1
2273,-1,-1,-1,http://www.bbc.co.uk/sport/football/teams/manchester-united...,1
4753,58,14,-1,http://servicepaypal-co.myjino.ru/payuk/fd42cc34a1c4b7a02a7cb4dbe6a0f0...,1
13,2,10,67,http://integratedhost.com/update/gmail/login.php?l=_JeHFUq_VJOXK0QWHto...,1
2571,256,20,445,http://www.kiplinger.com/...,1
4261,204,6,194,http://www.perfumedistributor.com/...,0
1824,200,4,241,http://www.costablancacup.com/...,1
3760,3,9,3,http://www.fasonery.net/office11/...,1
5864,37,11,23,http://prodep.org/server/orgg/bidtx/...,1
3517,-1,4,-1,http://indiaimage.nic.in/...,1
3385,179,13,333,http://consc.net/misc/clerihews.html...,1
3130,-1,-1,-1,http://imzabilgisayar.com.tr/wp-content/themes/imza/design/1c724669d7c...,1
928,233,55,1818,http://www.boppy.com/...,1
2104,-1,-1,-1,http://paypal.com.update.account.suspend.information.p2837486978290129...,1
6421,204,0,81,http://www.tcbsupply.com/...,1
3236,199,5,251,http://www.cyberiapc.com/...,1
4868,-1,-1,-1,http://www.peaceinstitute.hawaii.edu/...,0
1825,-1,-1,-1,https://www.cparts.portal-ministe.com/-/www.impots.gouv.fr/file/...,0
447,9,15,285,http://gotmilkpharmacy-cc.com/admin/gdoc/es/...,1
4791,228,12,408,http://www.discountwines.com/...,1
570,-1,-1,-1,http://www.lesvosmuseum.gr/...,1
5085,5,7,62,http://www.top10filmy.com/index/74f76897a7b11fd0edd3579e988d477a/dcc54...,0
2390,230,34,723,http://www.bountyhunterwine.com/...,0
2606,222,65,1121,http://www.setindia.com/...,1
6916,40,8,112,http://www.sexarchive.info/...,0
4433,61,11,382,http://www.eastlancsblues.co.uk/...,1
2567,6,6,188,http://update-account-information-pp-case.easyway-jo.com/Update-Your-A...,1
5664,-1,-1,-1,http://homepages.feis.herts.ac.uk/~comqejb/algspec/pr.html...,0
66,-1,-1,-1,http://www.yarracoffee.com.au/...,0
2022,-1,-1,-1,http://www.colorado.edu/MCEN/flowvis/...,1
4020,-1,-1,-1,http://confirmpage50.at.ua/incorrect_email.html...,1
3993,195,9,613,http://www.conferencealerts.com/peace.htm...,0
5470,-1,-1,-1,http://transportesst.com.br/outphp.newlook.gb/...,0
89,-1,-1,-1,http://dekanas.eu/delivery/ussaa/www_usaa_come/inetlogon/servelet_usaa...,1
4156,-1,-1,-1,http://jadwigaorunia.gda.pl/wp-content/upgrade/A/M/A/Z/O/N/...,1
6854,-1,-1,-1,http://www.news.com.au/business/...,1
4966,259,77,353,http://groups.yahoo.com/group/univalg/...,1
1990,-1,-1,-1,http://ezeebookkeeping.com.au/classes/Gdoccc/index.php...,0
4364,5,19,165,http://compasschildrenscharity.org.uk/wp-admin/images/login.alibaba.co...,1
6714,128,4,246,http://www.bumet.net/data/data/data/...,1
2840,164,4,273,http://www.beta-theta.com/Maths.html...,1
2331,134,10,433,http://www.leicester.vitalfootball.co.uk/...,0
2177,226,17,208,http://www.helengrace.com/...,0
2464,12,12,9,http://www.transylvaniaweb.com/wp-content/themes/Divi/.r6/secure/TWpVM...,0
4464,219,21,1237,http://www.asiaasset.com/...,0
3297,-1,-1,-1,http://nuli-toys.co.il/wp-includes/pomo/data/b44f2c68538620607981644f2...,0
1218,13,11,73,http://babyjalaibee.com/wp-content/plugins/cresta-social-share-counter...,1
876,123,9,98,http://www.oldfootballshirts.com/en/teams/l/liverpool/old-liverpool-football-shirts-t10.html...,0
2113,120,96,404,http://texstarpt.com/capitalone360/1828f3018f587120ac5361a9c61e67e5/in...,0
6022,43,5,176,http://www.styleagogotruck.com/pp/041994226cbce9b021bb85345bdea555/ind...,1
4141,-1,-1,-1,http://e-techgroup.com.au/zz10/jcastle/online.htm...,1
4343,232,8,502,http://www.newsnow.co.uk/h/Sport/Football/Premier+League/Leicester+City...,0
2661,237,15,130,http://zoomtv.indiatimes.com/...,1
3469,152,4,256,http://www.zentralblatt-math.org/zbmath/...,1
2720,190,38,1671,http://thevictortrumpercricketboard.yuku.com/...,1
3730,198,30,375,http://www.carnegiecouncil.org/...,0
5444,13,11,30,http://grabislam.com/woe/db/b65b13b0995636f1f831a179c5ee15f4...,0
4903,9,4,112,http://harbiyeacikhava.com/autnumgmail/gmail/connect_i.php...,1
5432,56,4,243,http://godumbusa.com/culipdrixmx27z0/index.php...,1
4339,223,17,271,http://www.walkon.com/...,1
1393,-1,-1,-1,http://costurabrasilmaquinas.com.br/site/media/10.php...,1
2922,218,34,860,http://www.121music.com/...,0
6007,140,16,14,http://www.tallahasseespeechcenter.com/wp-content/uploads/2015/13/payu...,1
6824,194,10,87,http://www.computertim.com/...,0
6119,-1,-1,-1,http://www.meada.pl/ourtime/v3/member.htm...,1
4122,-1,-1,-1,http://www.intuitivaeventos.com.br/mgs/es...,0
3696,-1,-1,-1,http://www.cs.unc.edu/~taylorr/...,0
2089,-1,10,1145,http://iepedrooctavioamado.edu.co/logs/logon.htm...,1
4454,20,4,196,http://bmorrison.hickoryground.com.inews.report/ni/e4bea1e585910da8f8f...,0
6736,45,3,220,http://globepropertyservices.co.uk/components/com_banners/excel/0f062e...,1
5405,27,21,74,http://numeralmarca.com/filewords...,0
653,198,6,195,http://www.ogjexchange.com/...,0
4642,-1,-1,-1,http://verify.security.google-policy.us.equipamentosac.com.br/verifica...,1
5442,35,1,347,http://repair-discovery-management.fulba.com/index.htm...,1
4963,156,12,394,http://www.aidemocracy.org/...,1
346,18,6,191,http://www.phauthuatngucuytin.com/libraries/conejo3/websc-login.php?go...,0
47,107,64,1283,http://www.mathisfunforum.com/...,0
5722,-1,-1,-1,http://ganiinc.co.za/abdominsubommc/drop/wdd...,0
1785,-1,-1,-1,http://privation-use.at.ua/page-welcome.html...,1
233,5,7,62,http://www.top10filmy.com/index/233c2d9b5768b4676472c4fe0a18cc3d/9f18d...,1
6581,71,1,1075,http://www.metrospineandsport.com/img/ells/index.php...,0
1551,-1,-1,-1,http://www.evangelistaadvogados.com.br/site/wp-admin/user/share105pdf/...,1
5119,-1,-1,-1,http://www.klubkids.com.br/dex-2/upgrade/account/dave...,0
357,208,8,71,http://www.mcdonald.org.uk/StegFS/...,0
3376,99,9,16,http://sugardannys.com/...,0
6470,111,9,91,http://gowebtools.com/bobs/5c112fb66892521da01965bc83b93258/...,1
255,226,14,8,http://hiroba.dqx.jp.iouzy.usa.cc/account/app/svc/login.html...,1
3366,221,7,1301,http://www.lotionpuff.com/...,0
6679,-1,2,-1,http://www.iiciftsa.com.mx/arb/3D/f58a5bfb229617d8c4c30fa8ad52e834/...,1
5423,207,117,86,http://www.luentai.com/...,1
1603,139,5,-1,http://luxard.ru/CIBCOnline%20olbtxn%20Authentication%20SignOn%20cibc/...,0
164,191,1,733,http://www.memorialcards.co.uk/...,1
5186,89,7,150,http://northamericaniron.com/Secuirtyservices/SecuirtyServices/eb5f891...,1
1736,3,9,19,http://edu.adminupdate.net/...,0
1660,171,9,99,http://www.ajitjalandhar.com/...,0
468,171,57,110,http://www.highcountrycoffee.com/...,0
5184,190,2,323,http://www.skinanapothecary.com/...,1
4168,-1,-1,-1,http://www.farmafocus.com.br/one/dropbox...,1
1487,17,7,158,http://www.perlabsshipping.com/update-your-account-information/17c1ade...,1
3640,225,27,876,http://www.bibsocamer.org/...,1
1777,-1,-1,-1,http://www3.cs.stonybrook.edu/~algorith/...,1
4365,-1,-1,-1,http://horim-bekesher.co.il/review/nab.com.au/nab.html?https://ib.nab....,0
1790,247,5,564,http://www.wineaccess.com/...,0
6582,4,32,60,http://nukestudio.org/huoxiaodong.org/newdocs/...,0
4542,7,5,187,http://www.travelcaredesk.com/code/GD/...,1
4225,192,23,86,http://ohoriscoffee.com/...,0
4810,12,0,4,http://msxserve.myfcmb.com/dcm/g/connect_i.php...,1
291,191,73,795,http://www.houseparent.net/...,0
6248,-1,-1,-1,http://www.math.harvard.edu/~ctm/courses.html...,1
4782,13,11,109,http://www.skytechslv.com/logs/i/q/...,0
232,-1,-1,-1,http://www.realmadrid.dk/...,0
2928,152,4,171,http://www.normanloveconfections.com/...,1
4072,210,6,174,http://www.delhi-ivf.com/...,0
3143,-1,-1,-1,http://silveirapiresadvogados.com.br/tast/confirm.php?session_id=sdvnw...,0
2006,-1,-1,-1,http://www.visionfeast.com.br/images/_notes/db/box/...,1
3078,123,9,98,http://www.oldfootballshirts.com/en/teams/m/manchester-united/old-manchester-united-football-shirts-t12.html...,0
2607,-1,0,-1,http://www.mclink.it/assoc/isp/fineng.html...,0
5939,-1,-1,-1,http://budowlaneprzeglady.pl/aol/index.htm...,0
4857,149,7,4550,http://sjsmedia.com/wp-content/themes/389dhasjnbmashag3h3jk3/cofirmuk....,0
1242,41,31,471,http://tornillosyrefacciones.com/modules/mod_custom/emailupdate2016/ma...,0
988,224,4,19,http://www.linenhall.com/...,0
2110,12,0,351,http://time4s.pl/hala/USAA_new/...,0
2219,208,51,325,http://www.betsyann.com/...,0
1001,71,1,302,http://caringlylowcarb.com/aol.html...,1
1847,71,1,316,http://vondog.info/system/logs/newp/index.php?rand...,0
22,2,-1,75,http://agricole-service.fr/particuliers/security/g2e36g_information/up...,0
3542,217,11,59,http://www.resumeservice.net/...,0
5883,45,3,-1,http://www.darwinmuseum.ru/...,1
4146,170,82,478,http://www.readingcoffee.com/...,0
1608,-1,-1,-1,http://www.servico24horas.com.br/wp-includes/css/aos/...,1
4281,-1,-1,-1,http://www.toriabeauty.ro/minn/...,0
4370,201,75,473,http://www.robotcafe.com/...,1
1426,3,9,98,http://joseraullopezdaza.com/wp-admin/yahoo/ya.html...,0
6362,213,3,674,http://the-stewardship.org/research/...,1
5945,-1,-1,-1,http://www.yumero.tk/arc/lendin/SMILING/c226abb36c83d18cb7425c810b46bb...,1
34,166,2,700,http://www.physicspost.com/...,0
793,196,8,580,http://www.wonderfulflora.com/...,0
5372,196,68,373,http://sdhawan.com/...,1
3052,1,11,23,http://www.chocolateriewanders.com/...,0
5857,60,0,753,http://www.plainfieldriverdays.com/js/ajax/bobbu/5bbb91180dc0937f999da...,0
3239,120,96,404,http://texstarpt.com/capitalone360/1828f3018f587120ac5361a9c61e67e5...,0
2163,152,4,262,http://www.resume-perfection.com/...,0
985,226,14,8,http://hiroba.dqx.jp.imxsl.usa.cc/...,0
6506,-1,-1,-1,http://error-update.at.ua/incorrect-confirm.html...,1
1627,13,11,68,http://pratyakshahrs.com/old/putt/logo...,1
6101,-1,-1,-1,http://hospitaldeolhosdejau.com.br/wp-content/plugins/Zone1/Zone1/logi...,0
2755,217,11,47,http://www.maharashtradirectory.com/...,1
2310,65,7,11,http://abudhabiadventure.com/.usaa.com.updates/login/index.php...,0
4708,262,1,269,http://yougogirlproducts.tripod.com/...,0
6910,210,6,236,http://www.neilbrown.newcastlefans.com/manutd/manutd.html...,0
5179,196,8,548,http://www.geuz.org/getdp/...,1
2293,-1,-1,-1,http://ganiinc.co.za/abdominsubommc/drop/...,1
3479,-1,-1,-1,http://resolutionservicehelp.gq/...,1
4374,192,11,46,http://educationeagle.blogspot.com/...,0
4385,201,3,283,http://www.emergingfromconflict.org/...,0
15,257,7,118,http://www.ametsoc.org/pubs/books/index.html...,1
1754,-1,-1,-1,http://team-bloking.at.ua/open-blocking.html...,1
3007,55,5,740,http://www.stachadwokat.pl/Appgoogle...,0
6054,-1,-1,-1,http://signin.ebay.de.ws.ebayisapi.dll.signin.usingssl.slbubpkikvixh8w...,1
1035,3,9,3,http://www.fasonery.net/machine17/...,0
3964,-1,-1,-1,http://bigbproductions.com.au/xz/e/Paype...,0
3953,-1,-1,-1,http://www.cardsolutions.eu/administrator/dropbox...,1
3539,169,83,489,http://www.specialtyjava.com/...,0
4974,252,12,9,http://www.globerecords.com/...,1
5544,-1,-1,-1,http://id-compte-messagerie-bouygues.cliente10eece8e43c47eec9b43d45a4c...,1
5473,236,4,270,http://www.puroast.com/...,1
6049,323,13,479,http://scitation.aip.org/content/aip/magazine/physicstoday...,1
4497,222,17,374,http://www.lookfantastic.com/...,1
3332,2,10,66,http://www.nops2sign.com/wp-wellsfargo/login.php...,0
8,210,18,570,http://www.numbertheory.org/ntw/...,1
4741,223,65,232,http://www.insecure.org/sploits_linux.html...,0
2539,-1,-1,-1,http://www.gn-50uma.de/alula/essays/Moree/Moree.en.shtml...,1
547,28,8,129,http://www.gscs.pl/libraries/magway/...,0
4904,46,2,-1,http://telefunk.ru/CIBCOnline%20olbtxn%20Authentication%20SignOn%20cib...,1
4408,250,2,332,http://www.montgomeryinn.com/...,1
469,-1,-1,-1,http://xip7informatica.com.br/wp-includes/ibrowellsup/index.html...,0
2526,129,3,286,http://domowe.com/libraries/legacy/form/field/GmailDoc/...,0
4998,-1,-1,-1,http://ns1.unlimited.com.ng/~hecsms/templates/system/images/U%23.@S%23...,1
506,205,4,249,http://www.reckittbenckiser.com/...,1
4243,173,19,503,http://www.bakedjustforyou.com/...,1
6720,237,3,275,http://allstates-flag.com/.sa/MemberSecuredPage/UserIDFull/ConfirmDeta...,1
6326,13,11,73,http://babyjalaibee.com/wp-content/plugins/cresta-social-share-counter...,1
3950,259,77,353,http://groups.yahoo.com/group/lib-info-society/...,0
4388,5,6,167,http://o-slice.com/ziuyecx/mail.htm?cmd=lob=rbglogon&amp;amp...,1
6803,60,12,363,http://chihuahuainvita.com/AF/wp-includes/js/Alibaba.html...,0
1009,15,9,76,http://www.hamzadates.com/new/sess/0841daccd5fc33e87c2c291eb38ee88e/...,1
922,246,6,970,http://mathworld.wolfram.com/topics/History.html...,0
3005,-1,-1,-1,http://deutschstunde.com.au/usaa.com-inet-ent-logoff-Logoff-detour-sta...,1
2452,-1,-1,-1,http://loginnowhere858askfm.co.vu/FDtUFS5JgDJHGD3dFd/gmail/...,1
5293,3,9,62,http://www.financeexceldocs.com/12kGyr/verification.php...,0
1708,241,11,1313,http://www.fye.com/...,0
366,59,1,352,http://elektro-amper.pl/images/css/195b72f03488d0854e3fa44b32532d6c/...,1
3492,-1,-1,-1,http://www.carameladafestasinfantis.com.br/eTLf4X6txC/dzc...,1
383,-1,4,-1,http://dtc.nic.in/...,0
5229,199,5,221,http://www.stonemountaincoffee.com/...,1
2742,197,7,164,http://recruitonnet.com/...,1
4609,29,31,882,http://knotjustweeds.com/wp-content/3e7b9b4eb90b1dc2b31268428876ad9f/9...,1
1924,44,4,650,http://www.railheadsmokehouse.com/...,0
3149,151,5,227,http://mail.aa-gmc.org/HMRC/profile.html?ssl=yes...,1
692,-1,-1,-1,http://www.mirenart.cl/bigtymerss/nD/...,1
3800,226,14,8,http://hiroba.dqx.jp.iuxel.usa.cc/account/app/svc/login.html...,0
4345,-1,-1,-1,http://liinwww.ira.uka.de/bibliography/Misc/HBP/...,0
115,53,7,-1,http://forest-camp.ru/wp-admin/network/uxc/Auto/newpage/index.php?;ema...,1
446,37,11,972,http://handasapc.com/htd9.html...,1
2485,218,10,76,http://appleid.apple.com-subscriptions.manager508158125.kevinfoley.com...,0
6941,202,14,60,http://www.willnaylor.com/wnlib.html...,1
5223,-1,-1,-1,http://www.football.co.uk/liverpool/news...,1
5636,-1,-1,-1,http://www.centurypark.rw/jug/...,1
4128,227,97,685,http://www.neuron.co.uk/...,0
3233,175,5,5324,http://www.monstersteel.com/...,1
4130,74,10,72,http://www.laester.tv/wp-admin/Investor/...,1
6000,170,22,74,http://www.servicentresystems.co.uk/...,1
6528,2,10,55,http://en.freshboiyoung.com/indexx.html...,1
6159,7,5,199,http://www.au699.com/fiinancialparent...,1
4701,3,9,22,https://verfication.info/...,0
1447,134,11,33,http://www.piercebroscoffee.com/...,1
1038,-1,-1,-1,http://s2ie.unsyiah.ac.id/ourtime/ourtime.htm...,1
2550,139,5,-1,http://toot-kak-toot.ru/CIBCOnline%20olbtxn%20Authentication%20SignOn%...,1
5020,256,68,8,http://feeds.pbs.org/pbs/nbr-programs...,1
4196,133,11,30,http://www.careerxls.com/...,1
4770,26,10,-1,http://timer.utego.ru/CIBCOnline%20olbtxn%20Authentication%20SignOn%20...,0
3082,226,14,8,http://hiroba.dqx.jp.ioucl.usa.cc/...,0
1943,206,10,66,http://www.mikebest.net/...,0
3408,97,4,254,http://themarketingremedy.com/wp-includes/images/wlw/suftd/USAALOGIN/Q...,0
1208,-1,9,-1,http://lnx.hasninrf.it/PayaSSsl.CEanada.tNZnZZlR3ZdyZZ-5RkZZDRTZZBy-Cb...,0
2133,197,7,338,http://www.zeelearn.com/...,1
3260,62,10,179,http://denisejhughes.com/auto/ALL/others/ii.php?fid=4...,0
2768,177,3,61,http://www.librarysupport.net/librarylovers/...,1
1637,-1,4,-1,http://cabsec.nic.in/...,0
3798,-1,-1,-1,http://ds534634.at.ua/incorrect_email.html...,1
3903,-1,-1,-1,http://valgasjoinville.com.br/newdrop/dpbx...,0
6578,49,119,21,http://www.edmentum.com/...,1
759,221,7,1606,http://www.stonetapert.com/...,1
6171,12,0,4,http://fungist.net/MusicJukebox/pagesecure/nD/...,1
504,-1,-1,-1,http://www.pousadavieiras.com.br/sqqq/boa/...,0
5526,-1,-1,-1,http://golftechnologies.com.au/cnk/...,0
1974,50,-2,101,http://mcs-ni.webbitez.com/gpdf...,1
6807,-1,-1,-1,http://www.perfectcup.com.au/...,0
6663,-1,-1,-1,http://languagelog.ldc.upenn.edu/nll/...,0
69,240,108,269,http://www.cariboucoffee.com/...,1
605,12,0,293,http://angrycandy.org/~linespalerts/log/U%23.%40S%23.%24B%40a%23n%24k/...,1
5574,193,11,49,http://www.philaathenaeum.org/...,1
2867,160,8,266,http://fulfordindia.com/...,0
4013,120,24,18,http://www.fanbase-links.co.uk/manchester_city_football_links.html...,1
2903,36,12,8,http://www.leighgphotography.com/SERVICE/edani82ldbuizbt4gbugw2i3ls22p...,0
852,257,43,629,http://www.waterloorecords.com/...,0
4018,238,62,369,http://www.airribs.com/...,0
4773,231,9,187,http://www.autocrat.com/...,0
5401,-1,-1,-1,http://www.busestec.proyectosjk.cl/sig/storage/2016/April/Verified/044...,0
6869,145,23,59,http://www.denverzinelibrary.org/...,0
5727,209,7,12,http://www.ebubbles.com/...,0
6302,188,4,608,http://gdtennis.co.uk/GDTennis/Wellington_files/online.hmrc.gov.uk.tax...,0
6322,196,8,51,http://www.wasanonline.com/...,1
1412,226,14,8,http://secure.square.logindqxz.usa.cc/...,0
342,151,5,718,http://www.hibiki-an.com/...,1
1297,-1,-1,-1,http://micro-unique.co.za/ff/5da6047a69cb262dde237f05ccb09778/...,1
4747,64,8,111,http://www.ostlive.com/6d4db61c3e2f7e6a1240396110f79b11/verification.p...,0
1883,-1,-1,-1,http://auth01.secure.server.chase.verification-id.2385475234.jasondweb...,1
1550,213,15,241,http://www.boulderteahouse.com/...,0
5454,17,7,59,http://gaspra-life.com/administrator/manifests/libraries/secure.itunes...,0
5252,-1,-1,-1,http://findmyphone.eu/IDMSAWebAUTH/...,1
377,96,24,13,http://mohammadrezazeidi.com/a/products/viewer.php?l=_jehfuq_vjoxk0qwh...,0
3497,179,13,704,http://www.jinshanhuagong.com/...,0
5724,124,8,108,http://www.muftela.com/alibaba...,0
5580,184,44,515,http://www.devotea.com/...,1
6126,-1,-1,-1,http://dim.unsyiah.ac.id/wp-content/test/index.php?cmd=login_submit&am...,0
422,-1,-1,-1,http://www.cs.brown.edu/courses/csci0510/...,1
1012,4,8,63,http://appstore-thank-you.info/slotomania/...,1
3970,159,33,74,http://greentealovers.com/...,1
6654,-1,-1,-1,http://www.vajinismus.eu/pps/SPERROW%20PY/PY/1548ff1078fd38c5d70df1bd1...,0
3031,175,5,644,http://www.rusbiz.com/...,1
6512,30,6,383,http://bookkeepers.directory/mama/mama/0af42c585cba168c6ca0b08403443d2...,1
4625,28,8,110,http://www.contoseroticosgifspornos.com/wp-admin/Yahoo...,1
5387,-1,-1,-1,http://www.janderlinhares.com.br/secure/direct::https:/secure.account....,0
1440,9,15,269,http://www.usglobalreit.com/wp-includes/theme-compat/login.jsp.htm...,1
6773,186,6,243,http://www.raoscoffee.com/...,1
2144,159,9,85,http://www.hsngroup.com/...,1
5430,199,17,214,http://www.checkpointonline.co.uk/...,1
1158,-1,-1,-1,http://math.nju.edu.cn/~zwsun/csz.htm...,0
6067,175,17,5316,http://www.moshier.net/...,1
6430,44,4,230,http://www.iofferauctions.com/wp-admin/network/documents/0/b4ddd630a83...,0
4680,79,5,231,http://www.ferozitech.com/css/Activate.html...,0
6848,78,6,339,http://isaacsmarketinggroup.com/usa/usaa.com/contact/login/index.php...,0
1578,11,1,283,http://forlab.pl/ch/index.php...,1
431,-1,-1,-1,http://pp-secure-de.gq/user-login.php?cmd=_flow&SESSION=CwRybKhmpoB7gd...,1
170,-1,-1,-1,http://secur.wellsfarg0.update.alfatatuagens.com.br/Usaa/...,1
6511,246,54,627,http://www.businesswire.com/...,0
3688,-1,-1,-1,http://www.doctorfixit.com.au/usaa.com-sec-inet-auth-logon-ent-logon-l...,0
3928,172,8,5226,http://www.rewardingresumes.com/...,0
3181,203,49,55,http://www.broadwaystars.com/...,1
5187,257,7,190,http://www.topix.com/rss/arts/theater.xml...,0
4582,-1,-1,-1,http://yumero.tk/arc/lendin/SMILING/ebd8ac180d3803c24969a406fbef939c/...,1
1996,-1,-1,-1,http://nedbint.co.za/i-netserv/internet-banking...,0
2843,-1,-1,-1,http://www.luomus.fi/...,1
202,203,37,8,http://www.visualfractions.com/...,1
2718,45,3,260,http://www.taylortea.com/wp-content/plugins/akismet/cehe/details.php...,0
5719,-1,-1,-1,http://www.dinastiaacessorios.com.br/js/lib/x0drwxr-xr-x0x/adf5f2b198a...,1
3698,-1,-1,-1,http://americanhumanist.org/Humanism/What_is_Humanism...,1
4148,148,68,487,http://www.sidneyimports.com/...,1
971,174,18,392,http://www.sanmarcocoffee.com/...,1
2120,197,19,159,http://www.sciproof.com/...,0
864,44,16,268,http://www.cloverhillcapital.com/admin/garyspeed/9aa5dd4d761d14c2cdfed...,1
6289,-1,-1,-1,http://www.amsta.leeds.ac.uk/Applied/CAGD.dir/PRIDE/index.htm...,0
835,17,7,141,http://fiberglassmeshes.com/doc_drive/source/...,0
3815,-1,-1,-1,http://www.dropbox0.tk/index.htm...,0
4551,217,35,317,http://www.glenncurtiss.com/...,1
2696,3,9,3,http://fasonery.net/office15/...,1
1927,252,24,32,http://www.blockbuster.com/...,0
4065,54,6,-1,http://fantonit.ru/rent/nv...,0
492,56,4,-1,http://bmwclubavto.ru/p/p/Conflict/Resolution/www/PP-009-176-639-801/O...,1
3708,-1,1,-1,http://www.ottolina.it/...,0
3850,-1,-1,-1,http://borwita.co.id/css/GD...,0
1563,145,11,41,http://www.wrcoffee.com/...,1
4361,95,85,628,http://www.namoleague.com/...,1
3823,226,14,8,http://hiroba.dqx.jp.ixczl.usa.cc/...,1
1446,96,36,32,http://md5.my-addr.com/...,1
1519,-1,-1,-1,http://www.vajinismus.eu/pps/SPERROW%20PY/PY/9838934a621773927e11b4c4f...,0
689,-1,-1,-1,http://www.inc-service-accounts.ml/webapps/20ccc/websrc...,1
127,108,108,20,http://www.bloomsbythebox.com/...,1
3616,-1,-1,-1,http://hjartholm.no/blog/wp-includes/js/bookmark/ii.php?rand=13inboxli...,0
892,201,3,291,http://www.marktwendell.com/...,1
1982,-1,-1,-1,http://accountservice-limitedaccount.ml/24581e8548e0fe171d3f39b6eceb21...,1
2016,36,12,11,http://www.elmonkey.com/base64.php...,1
4505,12,24,1,http://www.hellooyun.com/php/ww2usaa/www32ew/us54/1netlgn/78498d346669...,0
815,7,5,214,http://cqdj120.com/dbd5b94c7985e3c8bdacf9ec5ac637b8...,1
1385,194,22,822,http://www.floralartmall.com/...,0
4739,217,47,614,http://www.calantilles.com/Products/prod14.html...,0
6164,-1,-1,-1,http://jfreshphotography.com.au/wp-file/acfd1dedc6a7ee1d365d9be78a49ac...,1
6364,263,1,269,http://kkreations_0.tripod.com/...,1
4158,226,14,8,http://hiroba.dqx.jp.icurl.usa.cc/account/app/svc/login.html...,0
2658,6,6,196,http://www.boleodancestudio.com/~ugautosh/images/css/db2016/index.html...,1
6540,211,5,197,http://www.moneypark.com/...,1
5258,-1,-1,-1,http://www.aman.edu.my/templates/BRA-2016/homeB/iSelect3.php...,1
3457,95,1,264,http://terrybrennen.com/wp-includes/fonts/sap/...,1
6254,106,50,285,http://theconroysflorist.com/hope/update.htm...,0
731,196,8,77,http://www.antiqueradioknobs.com/...,0
2774,109,11,398,http://www.premierleague.com/en-gb/clubs/profile.overview.html/liverpool...,1
5307,-1,-1,-1,http://sachitgupta.me/wp-content/Google...,1
3910,2,10,61,http://safetem.com/fcid/login.php?cmd=login_submit&amp;id=876f529b656a...,1
629,199,5,237,http://www.boundary-element-method.com/...,1
1966,203,61,4,http://cafelasemeuse.com/...,0
2816,209,43,396,http://jobsearch.about.com/od/resumes/a/aa040801a.htm...,1
3790,275,25,916,http://money.cnn.com/...,1
3884,25,23,33,http://gourmetfinales.com/...,0
6375,191,36,373,http://www.dickrutan.com/...,0
887,-1,-1,-1,http://web-maintenance-account-page.esy.es/...,0
5639,252,12,375,http://www.gmacfs.com/...,1
1556,106,2,294,http://www.eddiebsbbq.com/...,1
575,226,14,8,http://hiroba.dqx.jp.ixcel.usa.cc/...,1
849,226,14,8,http://secure.square.logindqx.usa.cc/account/app/svc/login.html...,0
6837,9,15,285,http://gotmilkpharmacy-cc.com/admin/gdoc/c41ae7f21ca577cd891f3b3bcc747...,0
1674,165,3,58,http://www.slrecords.us/...,0
6617,-1,-1,-1,http://www.hrs.co.nz/...,0
795,157,11,1136,http://www.sustainablecup.com/...,1
776,52,92,368,http://www.algolia.com/...,1
2289,44,4,50,http://dynamicmegasoft.com/aol/index.htm...,1
509,189,3,28,http://www.chocolatesonbroadway.com/...,1
4264,159,45,244,http://www.allaboutcircuits.com/vol_4/chpt_7/index.html...,0
158,196,8,129,http://www.choiceorganicteas.com/...,1
2628,253,11,36,http://www.dunkindonuts.com/...,0
1123,-1,-1,-1,http://www.lichtundliebeistleben.de/templates/Neues%20Verzeichnis/Impo...,1
3518,-1,-1,-1,http://www.eli.sdsu.edu/courses/fall95/cs660/...,1
2778,191,13,487,http://www.sweetanniesrose.com/...,0
1484,-1,-1,-1,http://hjartholm.no/blog/wp-includes/js/bookmark/index.php?n\x1774256418&...,0
5215,-1,-1,-1,http://euphony.uchicago.edu/...,0
6683,201,3,295,http://www.joannasheen.com/...,1
424,120,41,476,http://www.christmasbyzenith.com/wp-includes/Thanks.php...,1
2880,182,10,838,http://careerpowerresume.com/...,0
2802,42,42,548,http://www.swm-as.com/invest/share/2015...,1
4229,-1,-1,-1,http://www.lib.berkeley.edu/SSEAL/SouthAsia/afghan.html...,1
2151,70,2,534,http://mcs-sterilisation-bordeaux.com/js/lib/barcly.php...,0
1185,87,9,83,http://www.springer.com/computer?SGWID=0-146-0-0-0...,0
720,231,9,104,http://www.tesorosdetaxco.com/...,1
1960,2,10,69,http://www.bchile-perfilamiento.com/Personal/bchile-perfilamiento/Proc...,1
3582,-1,-1,-1,http://paypal.confirm-information.name/info/...,1
6268,233,7,202,http://www.redrosetea.com/...,1
5835,278,10,63,http://www.chrysler.com/...,0
382,8,16,256,http://www.eumundi-style.com/wp-includes/images/Zone1/login.php?.porta...,1
1590,217,64,4,http://linuxsecurity.com/...,0
3990,-1,-1,-1,http://www.esel-on-tour.de/Mark/verification.php...,0
5841,200,4,676,http://www.searchengineshowdown.com/...,1
1898,187,77,245,http://en.wikipedia.org/wiki/Prandtl%E2%80%93Glauert_singularity...,0
327,-1,-1,-1,http://futurebusinessexpo.com.au/blogger/Secured...,0
323,210,6,587,http://www.thesoapbar.com/...,0
5619,122,22,688,http://www.historicalkits.co.uk/Manchester_United/Manchester_United.htm...,1
5603,-1,-1,-1,http://www.humanities.mcmaster.ca/~peace/...,1
2950,225,99,488,http://www.musicstack.com/...,0
3258,15,9,78,http://nirrmaan.com/pub/usaa_com/usaa_com/inetlogon/servelet_usaa...,1
5568,184,8,111,http://www.onceinabloom.com/...,1
6487,35,1,347,http://repaire-discoversy-eswal.fulba.com/index.htm...,1
1937,171,9,51,http://www.freeprogrammingresources.com/frcomplr.html...,0
578,164,4,601,http://www.moviesandgamesonline.co.uk/...,1
784,233,7,214,http://www.ipl.org/div/farq/...,0
6078,81,3,134,http://old.cincinnaticleaning.net/obama/0b4d5ac05a1f6ded9a951bcbb6eac2...,1
3302,16,8,125,http://tediindia.com/as/impots.gouv.fr/390d9b2fa8e16ca4eb411293ae9a2ab...,1
6798,99,9,96,http://www.snowsbbq.com/...,1
5,-1,-1,-1,http://notification-account.com.smk-diponegoro.sch.id/...,1
496,-1,-1,-1,http://www.wisdom.weizmann.ac.il/~yakov/thebook.pdf...,0
2150,-1,-1,-1,http://www.onlinedrankwinkel.nl/js/usaa-secure/usaa-secure/usaa/ineten...,0
6790,203,37,94,http://www.topmargin.com/...,0
4846,150,6,140,http://www.mgmtarticles.com/...,1
1444,160,8,61,http://enkaycondominiums.com/...,1
6070,61,23,83,http://www.dionisgmskincare.com/Default.asp...,1
3242,108,12,5,http://sudharma.epapertoday.com/...,1
4276,74,10,68,http://se14th.aamcocentraliowa.com/~wendydel/wp-includes/editedwells/...,0
6602,-1,-1,-1,http://appleid.apple.com-subscriptions.manager542851060.bertovic.com.a...,1
5284,218,3,286,http://www.stickyfingers.com/...,0
1642,41,7,503,http://www.glosin-group.com/wp-content/themes/...,1
5402,217,11,44,http://www.bellalunaboutique.bizhosting.com/...,0
2373,66,6,487,http://www.mobigral.com/vendors/shells/personal-update/index.php...,1
2818,169,23,74,http://www.militaryexits.com/...,0
1650,-1,-1,-1,http://www.idealterm.com.br/operation/mgs/es/...,1
2208,161,7,236,http://www.habitatfilmclub.com/...,1
6624,171,33,1996,http://www.carolinacoffeecompany.com/...,0
4707,-1,-1,-1,http://toriabeauty.ro/minn/index.php...,0
3426,15,9,84,http://egyptmet.com/apple.it/user12-italy.apple...,1
3372,-1,-1,-1,http://www.inter-wein.de/...,1
269,-1,-1,-1,http://www.aeep.com.au/SGD/pvalidate.html...,0
2305,5,7,150,http://www.areteitech.com/vowll/Gdoccc/...,0
2824,226,14,213,http://hiroba.dqx.jp.imxzl.usa.cc/account/app/svc/login.html...,1
1462,158,46,2041,http://www.potto.org/...,0
1171,-1,-1,-1,http://alfagardening.com.au/wp-content/upgrade/e-payment/usaa-files/...,1
320,109,11,36,http://paynbuy.net/sign_in_survey/loading.php?.rand\x13inboxlight.aspx?n\x17...,0
6106,-1,-1,-1,http://ceedecermontagemindustrial.com.br/draft...,0
1691,182,10,330,"http://segurancaonlineita.servepics.com/Atualizacao_Cadastral/GRIPNET,...",0
2196,-1,-1,-1,http://899187-germany-gast-kenntnis-validierung.sicherheitssystem-sich...,0
4943,-1,-1,-1,http://www.herbacha.com.br/question.php...,0
4611,192,0,362,http://studioprem.com/...,1
6337,3,9,16,http://renew-all.info/47a2b48ad194df92ed8b50c0d3b2ac7e/47a2b48ad194df9...,1
1465,159,21,968,https://windstar.websitewelcome.com/~takisos/b31d8a5107d315eb59398ccd9...,1
4097,202,2,243,http://www.tutorace.com/...,0
4571,10,2,290,http://www.copsonmigration.com/cardactivityconfirmation.chase/...,0
662,215,109,348,http://www.thefragranceshop.com/...,1
1377,-1,-1,-1,http://lists.nottingham.ac.uk/mailman/listinfo/maths-education...,1
6095,-1,-1,1405,http://www.vispac.co.th/uploads/userfiles/images/kalzip/Online.html...,0
6831,-1,-1,-1,http://floreon.by/auth.inet.ent_Logon-redirectjsp.true/auth.inet.ent_L...,1
2582,50,10,57,http://www.laportedelamer.com/frere/frere/pro/...,0
1184,22,2,296,http://www.pawelkondzior.pl/INFO/action.html...,0
5030,199,5,205,http://searchenginez.com/...,1
2721,220,44,494,http://www.gujaratindia.com/...,0
30,7,5,212,http://www.mamaefotografaexpert.com/~fezna329/seguroautoBB/login.do256...,1
6735,225,3,149,http://www.daimler.com/...,1
165,-1,18,-1,http://agri.gujarat.gov.in/...,0
3151,-1,-1,-1,http://2lovers.ro/wp/wp-includes/SimplePie/Data/79f543da8eac29438c55bf...,1
4245,-1,-1,-1,http://www.vajinismus.eu/pps/SPERROW%20PY/PY/b41475736306d708927f5dbc5...,1
313,2,10,61,http://www.safetem.com/fcid/login.php?cmd=login_submit&id=c1f2d0fab4ab...,0
5969,-1,-1,-1,http://claspeducacional.com.br/custormer/All.DM...,0
6779,-1,-1,-1,http://mazex.com.pl/yahoo/account.htm...,0
4811,8,4,230,http://dietaemagrecersaudavel.com/wp-content/real1/www.usaa-signon.com...,0
4301,-1,-1,-1,http://www.jardinescolgantesba.com.ar/wp-content/storage/d581463a8b39d...,1
1879,85,11,1,http://www.autodefentsa.info/programaslapila/chase.summary/9b93d3ee9be...,1
5512,206,34,537,http://www.americanantiquarian.org/...,1
837,200,4,246,http://www.ruet.com/us/jack.asp...,0
6860,190,110,271,http://www.footballgroundguide.com/...,0
6761,166,2,677,http://foxestrust.co.uk/...,0
6489,-1,-1,-1,http://comercialadriano.com.br/_Macosx/13/610b9f5ada481c80a284d7056ce4...,1
182,4,8,134,http://gtavdescargar.com/wp-includes/rest-api/Usaa/...,0
3438,-1,-1,-1,http://www.abcr.de/...,1
3855,-1,-1,-1,http://78.235.60.140/wordpress/custom/usaa.com/login.php...,1
5875,172,92,592,http://www.theperfumespot.com/...,0
4139,20,4,619,http://www.gosgmart.com/image/catalog/demo/product/-/direction-general...,0
5673,3,9,3,http://fasonery.net/office11/...,0
3963,167,37,333,http://www.driedflowersrus.com/...,1
2596,11,1,345,http://dondirecto.com/wp-content/upgrade/open.php...,1
2202,-1,-1,-1,http://varsityauto.ca/u/ii...,1
5447,144,12,368,http://www.process-max.com/opasdio89ghh3gfw/cofirmuk.php?personal-uk&a...,0
1411,33,3,285,http://heatingcoolingmonmouth.com/joor/rename/file...,0
5286,-1,-1,-1,http://dsladvogados.com.br/includes/re/Wellsfa/wells.htm...,0
5759,97,11,325,http://www.todjewels.com/...,1
3114,175,5,1731,http://www.bocajava.com/...,1
413,137,31,820,http://www.zeebangla.com/...,1
1851,-1,-1,-1,http://www.nelsonstamps.org.nz/libraries/leva/Comcast_account_maintena...,0
3933,172,44,484,http://theteaspot.com/...,0
6064,192,11,46,http://professional-edu.blogspot.com/...,1
5008,24,0,385,http://www.licpolicyforyou.com/es/impots.gouv.fr/2042eb91b426278aa87c6...,0
2952,215,109,342,http://www.tpub.com/content/aerographer/...,1
2663,7,5,220,http://loggings.maintenance-account.com/C4lu4n5/be63a/...,1
2048,235,53,283,http://www.naata.org/...,0
6966,-1,-1,-1,http://oddcustoms.co.za/jsp/...,1
1286,147,9,-1,http://tech-apk.nichost.ru/PayPal/account-confirmation/websc-login.php...,0
5757,75,9,65,http://ijewelleryshop.com/imp/01b3289f583ddbee094c38310c750b23...,0
859,-1,-1,-1,http://jamit.com.au/worksheets/...,1
3129,214,2,550,http://www.angelfire.com/linux/borisl/MegaBlaster.html...,0
4969,248,40,669,http://www.dimple.com/...,1
6277,46,2,-1,http://sw.telefunk.ru/CIBCOnline%20olbtxn%20Authentication%20SignOn%20...,0
4410,-1,-1,-1,http://eliteloungegroup.com.au/samples/pvalidate.html...,1
6946,-1,-1,-1,http://royalblindsandcarpets.com.au/KeanEDU/mgs/es/...,0
1108,35,1,60,http://www.karejones.com/Doc/...,1
4357,52,8,143,http://niamomniamodbustnuoccawenaetaerc.twomini.com/verify/verify/inde...,1
6504,-1,-1,-1,http://autoupdate.information.cgi-bin.webscr.cmd.login-submit.dispatch...,1
6158,199,41,914,http://twitter.com/rioferdy5...,1
5856,131,13,767,http://www.crystal-sets.com/...,0
4856,-1,-1,-1,http://www.gm.com/...,1
1817,13,-1,35,http://www.onmt.net/source/...,1
1571,-1,-1,-1,http://diseno-web.com.uy/texte/.access/ChJPM/AccountSecurity/UserID/Ve...,0
543,244,32,476,http://cowboycoffee.com/...,0
1396,-1,-1,-1,http://www.ticketsonline.cz/...,0
2590,-1,-1,-1,http://www.dieteren.be/...,0
532,202,2,12,http://www.scientificweb.com/sciencee.html...,0
2044,262,1,269,http://snowboundsoap.tripod.com/...,1
1437,206,10,124,http://duncancoffee.com/...,0
5879,-1,-1,-1,http://interfacemedicare.ma/modules/01/index.php?rand=13InboxLightaspx...,0
5733,-1,-1,-1,http://front.math.ucdavis.edu/math.AP...,0
4639,-1,-1,-1,http://lacrecheenchantee.lu/rename/admin/a0aa8be086479334f4bf806477398...,1
3439,-1,-1,-1,http://www.sebastianalonso.com.ar/wp/Dropbox/...,1
3273,-1,-1,-1,http://kor.nkhumanrights.or.kr/action/img/wellsfargo/b3bd4c83eab8d8be7...,0
4219,-1,-1,-1,http://opeeen-broo.at.ua/configuration-system.html...,1
3262,-1,-1,-1,http://94.32.66.50/usaa.com/...,1
4100,65,7,144,http://followinglink.atspace.cc/...,1
6465,20,4,619,http://gosgmart.com/download/includes/directiondereboursement/redirect...,0
5911,14,-2,24,http://villastardusk.com/wp-admin/ru/www.paypaI.co.uk/webapps-mpp-home...,1
3246,52,20,156,http://www.remuseum.org.uk/rem_his_bio.htm#null...,1
694,148,8,119,http://www.kotipelto.net/livre/ges/image.htm...,0
3846,143,13,440,http://nytheaterscene.com/...,1
6944,-1,2,-1,http://www.jude.mx/nazn/2...,1
2370,74,10,70,http://www.md5hasher.net/...,1
4457,165,51,51,http://www.hoscoindia.com/...,0
2665,66,33,122,http://hempelgalleries.com/css/lib/93e0d116d72be03d7a09f0607c7932ee/pa...,0
2643,2,10,54,http://www.espace-assur.com/assure/cc48ba8d1d378656473704ba880c8f38/in...,1
6600,151,53,261,http://www.concept-east.com/...,1
921,-1,-1,-1,http://wkgroup.com.ua/logs/cool/Login.html...,0
1406,-1,-1,-1,http://www.higginsinsulation.com.au/downloader/Maged/Model/Config/fr/f...,1
5141,169,11,37,http://calimboersrs.16mb.com/Login.htm...,0
2738,25,15,286,http://innergylifestyle.com/insiderp...,0
2197,15,33,93,http://conventionalservices.com/wp-content/themes/twentyfourteen/langu...,0
4203,2,10,64,http://sagfaiabella.com/net/FalabellaPeru/LoginPage.php...,1
1466,131,1,59,http://adarveau.com/account/ca-en-world/...,1
6965,150,18,1283,http://www.roboticsindia.com/...,0
4964,223,17,1188,http://www.jeremiahspick.com/...,1
4616,-1,-1,-1,http://amr.obook.org/index.php...,0
2915,4,8,111,http://faemavietnam.com/wp-demo/webshot...,0
3764,241,35,775,http://sovrana.com/...,1
190,-1,-1,-1,http://stampamoveis.com.br/js/lib/dropbx/...,0
5946,-1,-1,-1,http://sonarcpap.com.br/bab/aos/aos...,1
88,-1,8,142,http://10215648.2fh.co/Log.php...,1
1255,-1,-1,-1,http://qualyprintbh.com.br/feeds/formulario...,1
3161,28,8,501,http://nghethuatrem.com/components/Zone1/login.php?.portal...,1
713,18,6,186,http://heritageinyounghands.com/bethpagefcu/dd...,1
119,-1,-1,-1,http://www.harry-b.de/dokuwiki/doku.php?id=harry:cpm...,1
883,25,-1,35,http://www.constructoraluvial.com/images/home/71969edc514054cc7b10cf17...,1
2350,52,8,118,http://aridfoods.com/V4/MGen/F7532f6c45fc3ae3e5062a16c28ce7b52/?dispat...,0
3599,-1,-1,-1,http://www.beverley.com.hk/...,1
6673,121,11,40,http://www.indiatwenty20.com/...,1
5575,202,2,2617,http://www.starfishoils.com/...,0
1653,-1,-1,-1,http://interfacemedicare.ma/modules/01/others/?rand=13InboxLightaspxn....,0
3618,218,113,221,http://www.skysports.com/manchester-city...,0
1911,2,10,35,http://www.hunacrarcsofy.co.uk/deuces/Instructions.html...,1
2118,151,5,221,http://www.algosort.com/...,1
5686,43,5,176,http://styleagogotruck.com/pp/041994226cbce9b021bb85345bdea555/index/w...,1
6499,-1,-1,-1,http://drop-box.metodistaebenezer.com.br/d29e5d7c5800e57dd2a24226181ed...,1
6558,-1,-1,-1,http://stachadwokat.pl/Appgoogle/...,1
3853,133,83,488,http://www.blumebox.com/...,1
6367,-1,7,-1,http://disneyxd.disney.in/...,1
6371,143,13,348,http://www.choclatique.com/...,0
819,111,9,91,http://gowebtools.com/bobs...,1
5731,2,10,65,http://www-paypal.com.websapphome.com-webshomewebsrc.com/webapps/bd975...,1
5689,-1,-1,-1,https://news.google.com/?topic=b...,0
5247,104,4,-1,http://systemair-sales.ru/CIBCOnline%20olbtxn%20Authentication%20SignO...,0
6956,192,12,18,http://www.prwra.com/...,1
3848,31,5,226,http://joynovelties.com/alibabas/alibabasure...,0
3505,103,5,1759,http://ezymedia.com/hotmail/live.com/index.html...,0
2376,187,5,205,http://www.coloradotheatreguild.org/...,1
4069,-1,-1,-1,http://www.bio.davidson.edu/courses/genomics/mirror/Urchin/u0maps.htm...,1
2875,199,5,6059,http://www.dinamani.com/...,0
6799,7,5,55,http://web.kiaanevents.com/pagedoc/d6a1abf900c4c4aa8137cd86fd58b81b...,1
5477,-1,-1,-1,http://www.zahabconfectionery.com.au/Access/...,0
3139,219,9,89,http://rmww.freeservers.com/...,0
6889,166,98,395,http://gator4197.hostgator.com/~anz/annaz/4266054c3e013218e7130de744dd...,1
6980,4,8,54,http://larvaorgany.com/work/db2...,0
1441,-1,-1,-1,http://www.library.mcgill.ca/rarebook/bibcanho.htm...,1
3471,-1,-1,-1,http://108.179.202.65/~popularbpd/Popularenlinea/Inicioo/loginp.html...,1
2137,-1,-1,-1,http://joonubmusic.ir/file-secured/secured-file/index.php...,0
5385,68,16,254,http://www.justthebesttraffic.com/viralads...,1
3475,162,18,111,http://www.classic-modern.co.uk/...,1
4742,214,2,-1,http://www.prince.com.sg/...,0
6561,-1,-1,-1,http://farmafocus.com.br/one/dropbox/...,0
5876,7,5,199,http://www.au699.com/londonfinancial...,1
5779,-1,-1,-1,http://festacomfutebol.com.br/images/data/b18223ac0a4a774515c1b4654a9b...,1
421,211,5,259,http://www.decodan.com/...,0
3625,25,11,35,http://www.constructoraluvial.com/Bami/pagedoc/64ef2d4bb1bbbef945f776b...,0
5753,209,31,145,http://www.ihispano.com/...,1
698,70,41,318,http://www.gyrogeo.com/b5/...,1
3821,58,14,-1,http://paypalresolu.myjino.ru/payus/1996dd75c6d98ee1f20f9600a73dfd33/I...,1
2897,-1,-1,-1,http://www.adicon.com.cn/images/qkfiles/201507/Home/dda80ae8b7f55dd8b6...,0
3091,-1,-1,-1,http://paypal.com.webapps.mpp.home.broadfroms.ga/webapps/2985a/home...,1
1095,-1,-1,-1,http://homelarimoveis.com.br/escrlturas/boxdrop/...,0
6250,-1,-1,-1,http://www.free-fr-moncompte.com/boxx/1bfb0065720c2db79ba04327e278a9ef...,1
5051,205,59,1473,http://www.careerage.com/...,0
4993,-1,-1,-1,http://comercialadriano.com.br/_Macosx/13/2294a7145fc760bae781fa06d436...,1
6412,-1,-1,-1,http://www.bundypets.com.au/validate/revalidate.html...,0
6283,39,9,78,http://www.editey.com/preview/0B92C0zBMoqiOWjRHcktuQzJBX3M/index.html?...,1
5416,53,66,474,http://socialstrawberry.com/wp-includes/theme-compat/wellsfargo/index....,0
4185,207,9,117,http://www.compilerjobs.com/...,1
5589,-1,-1,-1,http://amadeireirasilva.com.br/homepravc...,0
5142,187,17,615,http://www.farmingmagazine.com/...,1
2394,3,9,70,http://consieleservice.com/impots-2016/verification/Impotss.Client/fbf...,1
2635,106,14,484,http://www.news24online.com/...,1
5524,35,1,60,http://www.karejones.com/Doc/3cce4b83eaabd467e9d21748495037c2/verifica...,1
371,233,7,220,http://www.jelks-coffee.com/...,1
541,209,55,1180,http://www.ferriscoffee.com/...,0
285,36,12,9,http://fuzzyduck-creative.co.uk/beautifulyoubeautique/wp-admin/network...,1
5195,174,102,5290,http://www.venierospastry.com/...,0
3556,13,23,14,http://rafoiluae.com/uploads/Products/folder/login.jsp.htm...,1
6993,3,9,82,http://allegro.voucher-do-wygrania.com/?p=841...,1
5507,-1,-1,-1,http://www.dutycosmeticos.com.br/www/c37d1338de9bd133e495eeb1c05d3e24/...,0
2459,9,15,285,http://gotmilkpharmacy-cc.com/admin/gdoc...,1
3961,203,1,348,http://www.suburbanwines.com/...,0
2481,-1,7,-1,http://www.pluton.com.mx/nab/3D/a3dd898300fe9b3ac7949ca10c7ca909/...,0
6042,41,31,471,http://tornillosyrefacciones.com/modules/mod_custom/emailupdate2016/ma...,1
1041,9,3,225,http://muzikkoyu.net/dropbox2016/Home/index.php...,1
4389,-1,-1,-1,https://sites.google.com/site/lettheshowbegin/...,0
2684,172,8,136,http://www.ema-tech.co.uk/mufc/...,0
6153,9,15,285,http://gotmilkpharmacy-cc.com/admin/gdoc/c41ae7f21ca577cd891f3b3bcc747...,0
4325,-1,-1,-1,http://naturezaviva.net.br/wp-file/358803ba52e2a3c94292e6c0bd78eeba/...,1
290,226,14,8,http://hiroba.dqx.jp.izoel.usa.cc/account/app/svc/login.html...,1
2690,194,46,81,http://mentalcalculations.150m.com/...,0
1395,-1,-1,-1,http://www.senopel.com.br/dezastre/confirm.php...,0
6144,194,10,65,http://www.alicesoftware.com/...,0
4292,2,10,54,http://espace-assur.com/assure/62f23d7a883403f12e14c037a4c0149e...,1
6864,37,11,972,http://handasapc.com/htd13.html...,1
2974,60,48,565,http://www.bluehatcoffee.com/...,0
3638,-1,18,-1,https://www.ndmc.gov.in/...,1
5695,-1,-1,-1,http://www.ambergallery.lt/...,0
2059,-1,-1,-1,http://www.doctorfixit.com.au/usaa.com-sec-inet-auth-logon-ent-logon-l...,1
1160,230,10,52,http://www.funbrain.com/football/...,1
2670,100,68,203,http://www.bjcurio.com/js/index.htm?http://us.battle.net/login/en/?ref...,0
83,163,9,149,http://www.coffeefool.com/...,1
5061,58,14,-1,http://servicepaypal-co.myjino.ru/payuk/fd42cc34a1c4b7a02a7cb4dbe6a0f0...,0
2812,2,10,61,http://www.safetem.com/fcid/login.php...,0
1402,-1,-1,-1,http://front.math.ucdavis.edu/math.HO...,1
3113,109,11,33,http://www.heathervictoriaheld.com/wp-includes/SimplePie/Data/d2899a4a...,1
1409,110,22,108,http://www.aurateas.com/...,1
1135,10,2,296,http://constructodo-jv.com/usaaweb2.php...,0
2975,-1,7,-1,http://disneychannel.disney.in/...,0
5418,-1,-1,-1,http://108.167.132.28/~ofert635/Dia_Dos_Namorados_iPhone/Produto_On_Li...,1
4717,200,16,69,http://www.generation5.org/...,1
2624,-1,8,-1,http://www.gujhealth.gov.in/...,1
5630,-1,-1,-1,http://dpistudio.ir/wp-content/plugins/docsign/b376ab5688dacfa151afa83...,1
4376,-1,-1,-1,http://www.niercentrum.nl/wp-includes/ID3/b.php...,0
4070,140,40,632,http://www.visualmathlearning.com/...,1
1051,33,3,262,http://theplantgrower.com/download/11/EnterYourPIN.htm...,0
31,199,53,269,http://www.bluedogzdesign.com/...,1
6636,248,4,615,http://www.golden-west-wine.com/...,0
5129,-1,-1,-1,http://service-confirm-account-information-support.ortopedistaenmerida...,1
4006,-1,-1,-1,http://www.naas.ae/ac/googledrive/contactform.php...,0
857,-1,-1,-1,http://192.185.216.92/~pastorsilvano/Neworder/alibaba/login.alibaba.co...,0
5197,185,7,162,http://www.resumecompass.com/...,1
2883,36,12,8,http://leighgphotography.com/SERVICE/7wkn6t5qe9io6trp5wob9qzu8357pgxn2...,0
5572,-1,-1,-1,http://confirmfb-file.at.ua/account-safety/14/...,1
4432,-1,-1,-1,http://gee.cs.oswego.edu/dl/html/malloc.html...,0
911,55,5,211,http://usaa.com.inet.ent.logon.intersurfcables.com/Usaa/index.php...,0
2777,169,11,34,http://www.dotcombooks4u.com/...,1
5163,19,5,576,http://service-paypal-information.sweddy.com/SERVICE/r4xnyvm03ucsisap3...,1
3677,71,1,333,http://www.gerardogonzalezgodoy.com/vous/vous/proni...,0
2707,224,4,116,http://www.landmarkcoffee.com/...,0
791,21,3,229,http://hymesh.net/listfinancial...,1
234,-1,-1,-1,http://www.maths.gla.ac.uk/~ca/...,0
2383,251,73,1282,http://www.multi.com/...,1
3315,35,1,347,http://images-service-pages-2016.fulba.com/index.htm...,0
3125,7,11,57,http://www.nac.pl/...,1
5191,27,33,823,http://chinakargo.com/ga/wp-includes/js/tinymce/item/b0f07c98544c206c1...,0
3054,132,0,362,http://www.kjivf.com/...,1
660,204,48,432,http://www.wineandco.com/...,1
1712,202,14,478,http://www.jumpymonkey.com/...,0
1128,-1,-1,-1,http://www.silveirapiresadvogados.com.br/test/confirm.php...,0
4933,205,59,53,http://jeanturmo.com/...,1
3581,-1,-1,-1,http://eloahair.com.br/Zone1/login.php...,1
5052,64,8,176,http://www.sajhakhabar.com/1/zonalzone/homezone...,0
2428,151,17,232,http://www.computerarticles.co.uk/...,0
3569,196,68,5977,http://www.karunagems.com/...,0
17,41,7,151,http://vega-books.com/language/fr-FR/.as/Alibaba.com.php?userid=abuse@...,0
4375,-1,-1,-1,http://notoy.es/~somaya30/appleid/?ID=login&amp;Key=c4650eecef1e5386d2...,0
3715,18,6,200,http://mlabsbd.com/files/dropbox...,0
2520,21,51,122,http://lederair.net/wellsfargo/...,1
5024,169,11,87,http://allometra.com/...,0
6224,261,27,1,http://www.economist.com/...,1
880,7,5,228,http://www.haflaat.com/wp-includes/SimplePie/Data...,1
3786,-1,-1,-1,http://www.ediaust.com.au/Dropbox/dropbox...,0
3400,18,6,168,http://gitlab.do-lang.org/sent_notifications/ff0f22ea90ee9b20befb49ee1...,0
3112,21,3,5,http://mtadumps.com/wp-includes/images/PO/download/document.php?n=1774...,1
4777,39,9,83,http://khicongnghiepmiennam.com/modules/mod_login/apps.google/Authetic...,1
4658,216,14,376,http://www.abcfeelings.com/...,0
6379,12,12,27,http://buzzooks.com/mail/dropbox...,0
3040,118,14,244,http://www.footiemap.com/...,1
3433,213,15,277,http://www.andhraprabha.com/...,1
60,9,3,4,http://ns4.pvtns.com/nama/dropbox/...,1
442,188,4,19,http://www.careerproplus.com/...,1
404,-1,-1,-1,http://www.caros.co.nz/...,1
3350,-1,-1,-1,http://gentlegiant.com.au/hmrc/new/index(old).php...,1
6468,113,7,135,http://www.lfclive.net/...,0
2363,80,4,169,http://www.barcafan-club.com/...,0
36,-1,-1,-1,http://smp2wonosari.sch.id/elearning/ch/...,1
2803,-1,-1,-1,http://www.donfilete.cl/css/account...,1
782,-1,-1,-1,http://www.career.com/...,1
2494,-1,-1,-1,http://www.bruceshefrininteriordesign.ca/wp-includes/js/crop/ipad/...,1
5624,222,54,180,http://www.ingeborgs.com/...,0
4309,217,47,279,http://www.thecosmeticsurgeon.com/...,1
5057,131,13,343,http://www.bluewatchmcfc.co.uk/...,0
4623,192,11,46,http://pc-internet-tips.blogspot.com/...,0
1942,262,1,269,http://jeff560.tripod.com/mathword.html...,1
2701,221,7,154,http://internetwines.com/...,0
1376,152,9,88,http://www.ritasretros.com/...,0
5400,53,19,150,http://aldopacchiano.com/hood/order/others/?rand=13inboxlightaspxn.177...,0
1762,111,9,87,http://www.brooklynflavors.com/...,1
4675,17,7,136,http://www.almomahidin.net/AA/bb/1/6/login.php?.portal...,1
4728,223,5,196,http://www.crabtree-evelyn.com/...,0
3105,-1,-1,-1,http://w7hya049b.homepage.t-online.de/capital.lone.com/details.html...,1
2384,139,17,488,http://www.company-rings.com/...,1
5784,126,18,186,http://www.literature-study-online.com/essays/alice_video.html...,0
177,13,11,8,http://srilankanenews.com/css/2a566dd5b6ea4dd80282a90161e7da2d/...,0
4657,98,10,38,http://www.hebergement-discounter.com/gestion/getproductrequest.htm...,0
4318,-1,-1,-1,http://www.conhecendobrasil.com.br/t/index.php...,1
3076,231,4,238,http://www.military.com/veteran-jobs...,0
6845,226,14,8,http://secure.square.login-zuey.usa.cc/account/app/svc/login.html...,0
5095,-1,-1,-1,http://oreidaomelete.com.br/admin/GoogleDoc...,1
5246,-1,-1,-1,http://irs.gov.chstus.com/...,1
4329,-1,-1,-1,http://dietadeluxe.pl/wp-admin/confirmation/pin.php...,0
3765,-1,-1,-1,http://leitzke-modellbau.de/images/stories/Apller/7871c/dir/log.php?cm...,0
4330,20,100,484,http://avengersystems.com/wp-content/themes/twentytwelve/a/index.htm...,0
4634,122,-1,109,http://desertours.fr/dstcache/desertours_fr/dropbox/f847e6ea54e5497456...,0
107,220,20,510,http://www.hailcotton.com/...,1
6205,200,16,225,http://www.reutersbusinessinsight.com/...,0
2664,-1,-1,-1,http://usaa.com-inet-ent-logoff-logoff-detour-start-detourid-iscadmem....,0
3916,197,7,106,http://www.cabdirect.org/...,0
6167,173,19,165,http://www.gbgarts.com/components/com_mailto/views/mailto/tmpl/pulign/...,1
4067,-1,-1,-1,http://page-fbconfirm.at.ua/account-security-page.html...,0
2870,-1,1,-1,http://grandidonazioni.amref.it/js/drox/...,0
1522,163,5,216,http://www.finewinehouse.com/...,0
2641,253,11,386,http://www.autofacts.com/...,0
1143,26,10,46,http://dankunimunicipality.com/web/us/log/USAA%20_%20Welcome%20to%20US...,1
3898,147,9,77,http://www.cowboysbbq.com/...,1
6529,-1,-1,-1,http://www.safiraglass.com.br/images/...,0
471,-1,-1,-1,http://www.eye-laser.gr/images/menu/review/business/google/Ed/Ed/...,1
3541,-1,4,-1,http://ssc.nic.in/...,1
5708,194,10,91,http://www.houseofscents.com/...,1
3223,68,16,254,http://justthebesttraffic.com/images/members/www.wellsfargo.com/www.we...,0
569,6,6,187,http://wanfoyosystamangera.com/Videotron/Videotron/f8e999b2fe64ed53403...,1
3723,33,3,267,http://elliotlakeentertainment.com/images/images/fffdgg/Aol/index.htm...,1
3819,218,22,1164,http://www.specialtea.com/...,1
4601,187,77,245,http://en.wikipedia.org/wiki/Computability_theory...,1
3048,217,59,476,http://www.microroaster.com/...,1
2942,25,11,35,http://www.constructoraluvial.com/images/home/71969edc514054cc7b10cf17...,0
1262,4,8,128,http://www.libaobag.com/data/viewdoc/...,0
3689,71,1,2735,http://www.lecznica-nowysacz.pl/verify/id/welcome/abac3118bf8545acaa53...,0
2529,4,7,136,http://letsgobrunch.com/jad/ypo/board3/blackboard.htm...,1
1453,-1,-1,-1,https://www.cia.gov/library/publications/world-leaders-1/IN.html...,1
2174,205,23,471,http://www.milligazette.com/...,0
6706,234,54,249,http://www.dazbog.com/...,0
6862,218,10,373,http://www.collectiblefirearms.com/...,0
1164,166,98,395,https://gator4236.hostgator.com/~mobilemo/postaleID/cmd/55e630d4b60afb...,1
98,237,3,317,http://tea-room.stores.yahoo.net/...,0
6288,5,7,62,http://top10filmy.com/index/7d490022ef5168c41669aa7a2de6c3d5/cdfc2a6c8...,0
1463,238,2,642,http://www.officiallondontheatre.co.uk/...,1
502,193,35,24,http://www.manzoku.co.uk/...,0
2919,192,11,46,http://zachschauf.blogspot.com/...,1
1018,54,18,210,http://askmeonline.co.uk/auth/redirect/redirect/security/update/index....,1
455,-1,-1,-1,https://docs.google.com/document/d/1IbvEorcpHfp8ACLW3gF8mDfVO_hX7wOivC...,1
6426,8,40,0,http://www.777classifieds.com/templates/olaa.html...,1
4025,132,12,383,http://www.footballteamnews.co.uk/liverpool-news.html...,0
3574,211,17,228,http://www.zompist.com/langfaq.html...,0
2446,-1,-1,-1,http://littlespiritstutoring.com.au/wp-includes/js/jcrop/aol/index.htm...,0
2280,-1,-1,-1,http://thunderboltproductions.com.au/test2/Center/x/aaa/redpedisignnwr...,0
6817,263,1,269,http://minniespies.tripod.com/minnies.htm...,1
6315,-1,-1,-1,http://devutilidades.com.br/11/filewords...,0
2746,36,12,13,http://christjagdalpur.com/zeedrop/dropbox/Dropbox.html...,0
1450,27,9,88,http://www.cemkece.org/GDC/secured...,1
6012,-1,-1,-1,http://saidanails.gr/Zenithen1.html...,0
2180,-1,-1,-1,http://www.ipv7.com.br/wells/k/submit_page.php...,0
721,25,11,479,http://wildcitymedia.com/index_login.htm...,0
4860,91,5,109,http://www.signaturestylesvt.com/cache/Zone1/...,0
4812,-1,-1,-1,http://www.aim.com.au/...,0
1881,27,21,95,http://www.medi-surg.co.uk/wp-includes/fonts/8c798a01b3c3e749e55d811be...,1
4510,184,104,54,http://secure1.store.apple.com.nlipdlgtpmg91wx.robstephens.com/sign_in...,1
3524,159,21,968,http://athon.websitewelcome.com/~khoryhome/42c85f1daa01e55972ade7d178b...,1
1807,125,19,95,http://www.stonesandfindings.com/...,0
303,64,56,1657,http://www.carmelcoffeeroasters.com/...,1
3296,42,6,186,http://budget-building-supplies.com/9fjsauas7e6w5sa4a3w2s45x55v5vds5s4...,1
5915,199,5,207,http://www.history-timeline.com/...,0
5505,210,90,633,http://www.moneycontrol.com/cnbctv18/...,0
3209,158,22,61,http://www.thebeanforge.com/...,0
3264,-1,-1,-1,http://wtftpc.com.au/wp-content/account/upgrade/hotmail/544516d4caf243...,1
5459,-1,4,-1,http://ceodelhi.gov.in/...,1
3704,-1,-1,-1,http://www.crpc.rice.edu/newsletters/oct94/director.html...,1
4171,52,8,42,http://vertebraledu.org/logs/apache/7a84f4a724de82159ebf517babd24a64/...,0
5053,-1,-1,-1,http://www.jiscmail.ac.uk/mailinglists/category/Maths_&_Statistics.html...,0
4501,12,0,365,http://apogeesourceinc.com/pdf5...,1
2997,210,18,216,http://www.vietnamhost.com/huongviet_service/...,0
749,7,5,199,http://au699.com/sortfinancial/...,1
4951,-1,-1,-1,http://www.alpertron.com.ar/NUMBERT.HTM...,0
5557,-1,-1,-1,http://expoolavarria.ruralolavarria.com.ar/libraries/be082262a/mc!ty/f...,1
435,17,7,161,http://www.billposas.com/2016/pvalidate.html...,1
4877,188,88,333,http://www.rkshipping.com/...,1
6665,164,4,195,http://www.artofflower.com/...,0
5563,252,12,64,http://www.netshare.com/...,1
3351,-1,-1,-1,http://tatarlar.pro/images/usaa-secure/usaa-secure/usaa/...,1
2633,-1,-1,-1,http://78ra.at.ua/confirmation-page.html...,1
4036,164,4,150,http://www.delicasa.com/...,0
4438,235,41,10,http://www.corliss-lamont.org/...,1
4587,9,2,-1,http://tfonbaron.ru/CIBCOnline%20olbtxn%20Authentication%20SignOn%20ci...,0
3655,5,7,166,http://constructb.effortam.com/login.php?cmd=login_submit&id=c38aa648f...,1
6604,29,31,882,http://www.knotjustweeds.com/wp-content/3e7b9b4eb90b1dc2b31268428876ad...,0
5926,187,5,220,http://www.liverpoolway.co.uk/...,0
5037,182,10,451,http://www.diracdelta.co.uk/...,1
4181,67,5,32,http://partretech.com/lolausaawoie/...,1
2699,66,54,1326,http://www.piggiepark.com/...,1
3535,35,1,60,http://www.karejones.com/Doc...,0
3238,188,52,18,http://www.lakechamplainchocolates.com/...,1
1127,127,29,373,http://www.geelix.com/...,1
5924,-1,1,-1,http://www.truejeans.in/css/yoh/sam.html...,0
719,162,30,913,http://www.arcadiaconcepts.com/...,1
2704,130,2,326,http://farmingscotlandmagazine.com/...,0
1082,154,18,0,http://www.seattlegourmetcoffee.com/...,0
1813,9,27,276,http://www.atlanticottage.com/~admin2/zone.mobile.free.fr/logine/2296e...,0
1058,-1,-1,-1,http://www.perchs.dk/...,0
6898,216,11,1516,http://www.sweetdesigns.com/...,0
5748,-1,-1,-1,http://romainandrez.com/espane/fraancez/parisdes/adaams/paqtriks/?imae...,0
6262,212,112,111,http://www.ioffer.com/...,0
3028,13,11,61,http://nkbafbbibfm.com/konga/wellsfargo/index.htm...,1
4667,160,20,119,http://www.hongkongflowershop.com/...,0
477,85,11,1028,http://www.herodsstone.com/DHindex.php...,0
1268,52,8,118,http://aridfoods.com/V4/MGen/F447526ac6c0a83109cd651207ed24e21/...,1
6196,180,24,9,http://www.memorymanagement.org/...,0
4381,168,24,6,http://www.emani.org/...,1
2801,191,13,1,http://www.leadingedgeresumes.com/...,0
3356,-1,-1,-1,http://greatsouthlandrealestate.com.au/voi/index.php...,1
4115,-1,-1,-1,http://www.carameladafestasinfantis.com.br/eTLf4X6txC/...,0
6011,161,7,159,http://cv-united-kingdom.com/...,1
5765,160,8,162,http://spanishfootball.typepad.com/...,0
4929,-1,2,690,http://www.sport.co.uk/football/manchester-united/...,1
4233,-1,-1,-1,http://designandarchitecture.com.au/usaa.com-sec-inet-auth-logon-ent-l...,1
3504,-1,-1,-1,http://qualyprintbh.com.br/formulario...,0
5741,45,3,276,http://abantyokoluyor.com/pixer/ii.php?rand=13InboxLightaspxn.17742564...,1
4058,162,6,57,http://www.bestjobsus.com/...,1
558,13,11,43,http://www.greenaura.net/appz.westpac/westpac.appz/login.php...,0
485,-1,-1,-1,http://paypal.com.webapps-mpp.home-encoding.openid.assoc-handle.gbflex...,0
167,5,7,61,http://desksupportmanagements.com/up/signin/N2MAA5ED86/login.php?count...,0
5755,208,8,968,http://e-resume.net/...,0
3307,3,9,82,http://www.vozmissoboi.com/Invoice/...,0
6080,111,21,51,http://www.teahousekuanyin.com/...,0
3038,11,1,194,http://www.iption-kontakt.com/en/...,0
5675,108,0,373,http://www.freeinfidel.com/...,1
6739,-1,-1,-1,http://vominhthu.jii.vn/wp-admin/maint/live.com/...,1
1229,4,8,121,http://powerrockonline.com/paypal/ihuy8fhjdb1f23gs9pgdpp2vdkrsiozqvkft...,1
6819,-1,-1,-1,http://www.f1gpvideo.tk/wp-crit/ipad/...,0
3795,13,11,19,http://pectoset.com/Drpbox2016/wdd...,0
5476,59,2,1804,http://www.optivec.com/...,0
4019,318,10,146,http://www.wcscnet.com/...,0
1236,245,79,102,http://www.thehindu.com/...,1
3215,-1,-1,-1,http://examallindia.com/usaafixedkossowafriend/8dcc1b33b4597c1288dcb2c...,0
5046,-1,-1,-1,http://www.ezeebookkeeping.com.au/classes/Gdoccc/...,0
4984,172,20,174,http://www.clifffuller.co.uk/...,1
398,37,82,470,http://kirkjellum.com/Doc/e9b0eb48ce345267981f8ffb1053ca9c...,1
2793,248,39,488,http://www.saperston.com/...,0
4517,3,9,65,http://airbnb.tax/rooms/63246643/login.php...,1
6304,-1,-1,-1,http://cgi.csc.liv.ac.uk/~ped/teachadmin/algor/algor.html...,0
2978,244,8,73,http://www.jumbovideo.com/...,0
6698,208,8,169,http://www.mattscdsingles.com/...,1
5118,228,12,18,http://www.britishtea.com/...,1
2418,-1,4,-1,http://jakschemes.nic.in/...,0
5567,228,96,423,http://koausa.org/Saints/LalDed/article1.html...,1
6449,-1,-1,-1,http://pagefb-confirm.at.ua/confirmation-page.html...,0
641,31,5,204,http://www.atcreative.net/mac/bb/login.php...,1
6029,148,8,118,http://www.citizenengg.com/...,1
4589,-1,-1,-1,http://globetrotter.berkeley.edu/conversations/...,1
487,200,52,316,http://www.greencastlecoffee.com/...,0
1532,3,9,26,http://uwasaleh.org/aluminum/gtex...,1
611,78,18,182,http://recyclejunkcarforcash.com/wp-content/mu.php...,1
4665,177,10,215,http://www.1dsc.com/...,1
5474,229,23,1081,http://www.moonlite.com/...,1
4490,215,37,705,http://www.heggys.com/...,0
2012,-1,-1,-1,http://parisampa.com.br/newest/index.html...,0
6801,145,23,3666,http://www.uniquelinksb.com/zgi/docsign/1413b9be7bf4e278d4d0fc1d49e45b...,1
5546,42,5,123,http://childcaredaycare.net/ay/9714886c1350b7127ae790061002b5e2...,0
5256,100,8,504,http://www.subodhbrothers.com/...,0
2224,77,7,158,http://seacon-prefab.com/intro/upgrade/appme1/56098f341a/index?dispatc...,0
5613,8,4,252,http://hiniet.net/googlemax/office...,1
5333,7,5,200,http://www.fondobadia.com/wp-admin/includes/Capitalone/Capitalone/Mana...,0
5800,120,0,355,http://www.afsfashion.com/...,1
2186,-1,-1,-1,http://riocolina.cl/i/mm.php...,0
6562,106,14,56,http://englize.com/wp-includes/quotation/doc/dxx/a97488f43805253ed02e1...,0
6433,-1,-1,-1,http://stampamoveis.com.br/js/lib/dropbx...,1
3859,89,6,167,http://kyliebates.com/log.usr/products/viewer.php?userid=abuse@belemba...,0
3927,57,-1,-83,http://auberge-gaillard.fr/lib/eze/p/signin/N309N748M6/login.php?count...,1
3932,-1,-1,-1,http://cosmeticpro.com.au/wp-includes/js/payca/0ea16875f8061cb3a33180c...,1
4553,30,30,248,http://www.mufcbetting.co.uk/...,0
5542,3,21,73,http://www.tolifemotivation.com/sing/Index/16a6c7635768991229e640fd28c...,0
6035,205,11,76,http://www.houseofjewellery.com/...,0
4624,3,9,65,http://simeiquitos-fragancias.com/112/homebankinghyo/CJN_Login.html...,1
1227,194,58,126,http://www.wooleunglee.com/...,0
5244,167,13,364,http://www.thefragrantleaf.com/...,1
5996,145,11,47,http://www.bathandbodybliss.com/...,0
3670,-1,-1,-1,http://etlsalat009938837737727666e656e4545we7788e7.me.ht/...,0
2941,85,11,38,http://mathoverflow.net/...,1
5556,19,5,131,http://ratingpost.info/cp/banque_fr/...,1
2236,29,31,882,http://www.knotjustweeds.com/wp-content/3e7b9b4eb90b1dc2b31268428876ad...,1
352,-1,-1,-1,http://vajinismus.eu/nemm/SPERROW%20PY/PY/s/index.php...,1
2085,55,5,50,http://thesweetery.net/...,0
2027,60,0,753,http://www.plainfieldriverdays.com/js/ajax/bobbu/5bbb91180dc0937f999da...,0
3418,201,15,314,http://www.cannymusic.co.uk/...,1
2095,53,7,-1,http://forest-camp.ru/wp-admin/network/ggs/Auto/newpage...,1
5457,255,9,3049,http://www.oswego.org/ocsd-web/games/Mathmagician/cathymath.html...,0
6906,14,10,13,http://one-spam.com/Pago//apps1/...,1
6369,-1,-1,-1,http://planestrains.co.za/db/Mobile.free.fr/FactureMobile-ID8946512379...,1
5745,252,12,8,http://music.barnesandnoble.com/...,0
6655,185,7,157,http://www.polyglov.net/...,1
3543,49,11,18,http://www.decadentlittlemorsels.com/...,0
671,202,50,1767,http://www.geniusconsultant.com/...,1
681,118,2,327,http://www.computersforretirees.com/...,0
6281,14,-2,29,http://www.ssavy.com/secure/bankofamerica/signon.php?section=signinpag...,1
5204,-1,-1,-1,http://futureassociate.com.np/Paypal/security/kgu5t526444v142iuv1jw55l...,1
4479,-1,4,-1,http://goicharters.nic.in/...,1
5824,13,11,38,http://www.dieseltrucksincharlotte.com/...,0
5667,-1,-1,-1,http://www.xs4all.nl/~blago/planewriting/fokker.html...,0
5469,-1,-1,-1,http://www.presertec.cl/boaa/step2.html...,1
6195,165,39,169,http://remotetechs.com/newsite/confirm-your-paypa1/4f1e2ab4ae75668ff0a...,1
2429,-1,-1,-1,http://www.nhmmaastricht.nl/...,0
981,5,55,166,http://cultivatehair.com/sitemap/sodj/aa70426b1cc574952b3ea22f7cc38982...,1
4096,-1,-1,-1,http://www.chalecostenaro.com.br/components/com_contact/filewords/...,1
915,78,51,601,http://vdmglobal.com/PDFs/BESTHOTBOKKzz!!/BESTHOTBOKK/hottieGoogledoc/...,0
3607,26,10,68,http://www.prioritybookkeepingct.com/capital/index.php...,1
6590,71,1,316,http://vondog.info/system/logs/newp/index.php?rand=13InboxLightaspxn.1...,1
5963,226,14,8,http://secure.square.login-seey.usa.cc/account/app/svc/login.html...,0
6974,211,41,589,http://www.carolinabarbecue.com/...,0
5332,228,108,352,http://www.republicoftea.com/...,1
1133,13,11,17,http://www.cinqpapilles.com/fidj/sds/usaa_com/inetlogon/servelet_usaa/...,0
6275,-1,-1,-1,http://www.hepcat.se/...,1
4098,-1,-1,-1,http://naturalkillercells.com.au/adocs/G.Docs...,1
6559,110,34,1250,http://beghellichina.com//tmp/install_52d3923f9e944/wp_rokcommon/Doctr...,1
6320,-1,-1,-1,http://www.artistsoftanzania.org/claimc/language/en-GB/update/websc.ph...,0
1841,-1,-1,-1,http://www.jjj.de/fxt/...,0
2788,16,8,134,http://www.netajimahavidyalaya.org/willing/image.htm...,1
5114,192,24,37,http://www.aneliteresume.com/...,0
5351,-1,-1,-1,https://www.hhbd.pl/Login/...,0
1258,136,31,114,http://www.openrce.org/...,1
6774,2,10,51,http://verify-icloud-find.com/...,0
3102,3,9,54,http://jilliandco.com/rem/google_doc%20(2)/google_doc/...,0
1743,26,-2,67,http://ecosaht.com/press/BDBB%20(2)/BDBB/BDBB/dpbx/index.php...,1
4681,251,-23,331,http://www.volvo.com/...,0
4236,20,4,619,http://gosgmart.com//image/data/layerslider/Gouv_lmpouts/...,1
2508,-1,2,-1,http://www.kcel.co.in/docs/0e4b658ff408db5a6735641c87504253/...,1
5768,-1,-1,-1,http://www.regionalwines.co.nz/...,1
5714,181,11,15,http://www.secretrecordslimited.com/...,0
777,210,54,222,http://www.sigplan.org/...,1
1723,274,14,121,http://teacher.scholastic.com/max/index.htm...,1
57,206,46,28,http://www.fftw.org/...,0
29,216,12,46,http://www.bimbobakeriesusa.com/...,0
4086,227,3,162,http://www.infoplease.com/ipsa/A0114094.html...,1
1260,-1,-1,-1,http://www.oioi.com.au/...,1
1372,-1,-1,-1,http://www.baycoffee.com.au/...,1
3781,206,46,487,http://www.thefragrancefactory.com/...,1
1589,26,10,68,http://www.prioritybookkeepingct.com/Follow/...,1
4518,-1,-1,-1,http://www.apple.com/...,1
2493,-1,-1,-1,http://www.femininemoments.dk/...,0
333,233,7,1601,https://www.franschocolates.com/...,1
4500,128,16,472,http://angelosbbq.com/...,1
326,7,5,142,http://tabtimeline.com/KiTink_1/car.php...,1
5453,201,39,2251,http://www.signesbakery.com/...,1
6118,109,11,33,http://www.heathervictoriaheld.com/wp-includes/SimplePie/Data/2153c968...,1
2509,50,10,57,http://www.laportedelamer.com/baba/fringes/secure...,1
3793,9,3,264,http://eleganciaholidays.com/css/wellsfargo/comfirm.htm?EsetProtoscanC...,1
4727,11,1,331,http://chrisandclairegethitched.com/wp-yeye/0135c667aa2b39428738587cf3...,0
1854,222,6,198,http://www.indianfootball.8m.com/brahmanand/brahmanand.htm...,0
3222,-1,-1,-1,http://www.compsci.ca/...,1
6563,50,10,57,http://www.laportedelamer.com/baba/fringes/secure/...,1
301,224,28,7,http://www.adontec.com/supert_e.htm...,0
6675,72,0,355,http://chrissair.com/n/impots.gouv.fr/f55b561b27f385a711a1c73112f29ffe...,1
256,227,1,323,http://www.aloud.com/...,1
4455,277,23,43,http://www.elsevier.com/journals/bba-biochimica-et-biophysica-acta/FS00-0253...,0
4825,-1,-1,-1,http://drop-box.metodistaebenezer.com.br/d56a31a0d535ed8b263d666bc686d...,1
5314,277,23,43,http://www.journals.elsevier.com/progress-in-biophysics-and-molecular-biology/...,0
609,3,9,65,http://www-paypal.com.websapphome.com-webswebsrcs.com/...,0
5164,-1,-1,-1,http://specialrentals.gr/tall/image.htm...,1
224,89,19,1035,http://cnchosp.co.kr/data/file/free/Upgrade/excel/excel...,0
4240,9,3,-1,http://fresh-77.ru/vacancy/track/DHL.htm...,0
1309,199,41,634,http://www.aislesay.com/...,1
4844,14,9,80,http://www.importationcollege.com/store/wp-content/uploads/blope/kenta...,0
4956,-1,2,-1,http://jude.mx/nazn/2/index.htm...,1
1338,209,7,1616,http://www.actionresume.com/...,1
2254,212,76,1250,http://www.spacpl.com/...,1
5489,85,11,21,http://ulinks.net/8810d...,0
39,228,96,423,http://koausa.org/Proverbs/proverbs.html...,1
6092,214,62,1509,http://www.gmchina.com/...,1
2694,179,1,341,http://www.delhipropmart.com/...,0
2817,42,5,123,http://childcaredaycare.net/ay/9714886c1350b7127ae790061002b5e2/...,0
867,66,6,178,http://lindos.pl/Zone1/...,0
5071,99,33,1384,https://cp88.ezyreg.com/~xjxj1038/1/44b637c1a50bc57e8118b32e354619e4/l...,1
3369,-1,-1,-1,http://www.simpledentremoval.com.au/wp-content/4c2c917903e7d693d99afc1...,0
5386,226,14,8,http://hiroba.dqx.jp.icozl.usa.cc/account/app/svc/login.html...,1
6226,190,1,319,http://www.precimaxonline.com/...,0
3956,101,7,185,http://www.allaboutfcbarcelona.com/...,0
307,233,19,244,http://www.physlink.com/Reference/Index.cfm...,0
4886,261,27,1056,http://www.meinl.com/...,0
2923,202,86,375,http://www.hqhair.com/...,1
5736,188,4,610,http://www.bmi.org.uk/library.html...,1
2697,177,3,175,http://www.sexnhormonecentre.com/...,0
2473,-1,43,-1,http://www.shobiziems.co.in/doctopdf/sess/2a59463ea1d6943d2b1087a628ed...,0
5019,245,115,144,http://www.honeyrun.com/...,0
2513,35,1,347,http://service-web-pages-2016.fulba.com/index.htm...,1
1215,27,9,68,http://darkermindz.com/modules/wellsfargoo/7b9adf561e66c302988230842c3...,1
4412,120,24,18,http://www.fanbase-links.co.uk/manchester_utd_football_links.html...,1
2432,102,6,241,http://www.tiptrickmod.com/...,1
1000,12,12,10,http://www.cncsaz.com/documents/...,0
1126,262,1,269,http://classic-radionics.tripod.com/index.htm...,1
1599,53,19,110,http://www.danieleconstance.com/wp-includes/jscss/error_SignON.html...,0
5559,-1,6,-1,http://topschools.hk/Zone1/login.php?.portal...,1
151,24,0,668,http://shape-love.org/azziu/line/verify.html...,0
2304,252,24,278,http://www.chinamist.com/...,1
1096,59,1,325,http://advanceacademyestheticmededu.us/dropbox/Dropbox/index.html...,1
